년/월/일,종가,대비,거래량(주),거래대금(원),시가,고가,저가,시가총액(백만),상장주식수(주)
2018-12-28,52000 ,1400 ,32682 ,1672167600 ,50600 ,52100 ,50500 ,391717 ,7533015 
2018-12-27,50600 ,400 ,39015 ,1985530700 ,50700 ,51800 ,50200 ,381171 ,7533015 
2018-12-26,50200 ,-2600 ,48191 ,2438369500 ,51600 ,52200 ,50100 ,378157 ,7533015 
2018-12-24,52800 ,-2000 ,42860 ,2277374500 ,54800 ,55300 ,52600 ,397743 ,7533015 
2018-12-21,54800 ,-200 ,31826 ,1739188200 ,54500 ,55500 ,54100 ,412809 ,7533015 
2018-12-20,55000 ,-900 ,39314 ,2154028600 ,55400 ,55500 ,54200 ,414316 ,7533015 
2018-12-19,55900 ,-200 ,34222 ,1895804300 ,56200 ,56500 ,54700 ,421096 ,7533015 
2018-12-18,56100 ,0 ,28747 ,1595957200 ,55100 ,56200 ,54600 ,422602 ,7533015 
2018-12-17,56100 ,-200 ,34655 ,1915040400 ,55800 ,56300 ,54200 ,422602 ,7533015 
2018-12-14,56300 ,-1600 ,49335 ,2774901600 ,58300 ,58300 ,54900 ,424109 ,7533015 
2018-12-13,57900 ,800 ,18701 ,1072779100 ,57100 ,58000 ,57000 ,436162 ,7533015 
2018-12-12,57100 ,400 ,26498 ,1519095300 ,56500 ,58000 ,56500 ,430135 ,7533015 
2018-12-11,56700 ,-1500 ,28384 ,1618889900 ,58800 ,58800 ,56600 ,427122 ,7533015 
2018-12-10,58200 ,-1700 ,29625 ,1729238300 ,59300 ,59300 ,57300 ,438421 ,7533015 
2018-12-07,59900 ,900 ,39943 ,2440905700 ,60300 ,62100 ,59700 ,451228 ,7533015 
2018-12-06,59000 ,-2900 ,39135 ,2338192400 ,61800 ,61800 ,58600 ,444448 ,7533015 
2018-12-05,61900 ,600 ,22253 ,1369598800 ,60100 ,62100 ,60000 ,466294 ,7533015 
2018-12-04,61300 ,-100 ,15426 ,937280700 ,61400 ,61400 ,60300 ,461774 ,7533015 
2018-12-03,61400 ,800 ,16936 ,1037159200 ,62000 ,62000 ,60600 ,462527 ,7533015 
2018-11-30,60600 ,-700 ,22023 ,1351176200 ,61300 ,62400 ,60300 ,456501 ,7533015 
2018-11-29,61300 ,-1500 ,33746 ,2094626300 ,63000 ,64400 ,60800 ,461774 ,7533015 
2018-11-28,62800 ,2700 ,57136 ,3550838500 ,60100 ,63200 ,60100 ,473073 ,7533015 
2018-11-27,60100 ,1200 ,39884 ,2394870100 ,59100 ,60800 ,58200 ,452734 ,7533015 
2018-11-26,58900 ,2900 ,55337 ,3227960800 ,55600 ,59500 ,55600 ,443695 ,7533015 
2018-11-23,56000 ,-500 ,18088 ,1015320100 ,56500 ,57000 ,55700 ,421849 ,7533015 
2018-11-22,56500 ,-1400 ,32533 ,1853925900 ,57900 ,58800 ,56300 ,425615 ,7533015 
2018-11-21,57900 ,-1600 ,40566 ,2340114400 ,59100 ,59100 ,56800 ,436162 ,7533015 
2018-11-20,59500 ,-900 ,28656 ,1722709300 ,59200 ,61500 ,59200 ,448214 ,7533015 
2018-11-19,60400 ,-500 ,36641 ,2231514300 ,60900 ,62300 ,59900 ,454994 ,7533015 
2018-11-16,60900 ,1900 ,31869 ,1908774500 ,59500 ,60900 ,59000 ,458761 ,7533015 
2018-11-15,59000 ,-100 ,25923 ,1522773000 ,58500 ,60300 ,58000 ,444448 ,7533015 
2018-11-14,59100 ,-2100 ,25245 ,1507116700 ,61000 ,61100 ,58700 ,445201 ,7533015 
2018-11-13,61200 ,3500 ,53163 ,3116067000 ,55800 ,61200 ,55600 ,461021 ,7533015 
2018-11-12,57700 ,-2400 ,40217 ,2333616700 ,60200 ,60300 ,57500 ,434655 ,7533015 
2018-11-09,60100 ,-600 ,21243 ,1278019000 ,61200 ,61200 ,59500 ,452734 ,7533015 
2018-11-08,60700 ,700 ,29041 ,1767151900 ,61600 ,61800 ,60300 ,457254 ,7533015 
2018-11-07,60000 ,-2300 ,52977 ,3250270200 ,63000 ,64400 ,59300 ,451981 ,7533015 
2018-11-06,62300 ,100 ,14045 ,880247300 ,62300 ,63300 ,62100 ,469307 ,7533015 
2018-11-05,62200 ,-2600 ,26801 ,1677883500 ,64800 ,64800 ,62000 ,468554 ,7533015 
2018-11-02,64800 ,800 ,37402 ,2440554500 ,64100 ,66100 ,64100 ,488139 ,7533015 
2018-11-01,64000 ,3300 ,34982 ,2204449600 ,61600 ,64600 ,60800 ,482113 ,7533015 
2018-10-31,60700 ,-900 ,19576 ,1195871200 ,61600 ,61700 ,60500 ,457254 ,7533015 
2018-10-30,61600 ,1000 ,36205 ,2197582000 ,58800 ,61600 ,58800 ,464034 ,7533015 
2018-10-29,60600 ,400 ,42951 ,2616500600 ,59400 ,62100 ,59400 ,456501 ,7533015 
2018-10-26,60200 ,-600 ,42973 ,2557393800 ,60900 ,61500 ,58400 ,453488 ,7533015 
2018-10-25,60800 ,-700 ,47137 ,2845163500 ,58600 ,62300 ,58600 ,458007 ,7533015 
2018-10-24,61500 ,-2600 ,29350 ,1827687000 ,64200 ,65000 ,61200 ,463280 ,7533015 
2018-10-23,64100 ,-2700 ,40121 ,2594672700 ,67100 ,67700 ,63500 ,482866 ,7533015 
2018-10-22,66800 ,1800 ,26410 ,1737994900 ,65000 ,67100 ,64100 ,503205 ,7533015 
2018-10-19,65000 ,100 ,23476 ,1509223800 ,63700 ,65300 ,63100 ,489646 ,7533015 
2018-10-18,64900 ,-500 ,25303 ,1630223000 ,66200 ,66200 ,63000 ,488893 ,7533015 
2018-10-17,65400 ,300 ,22468 ,1468977200 ,65600 ,66300 ,64700 ,492659 ,7533015 
2018-10-16,65100 ,800 ,25390 ,1654686700 ,64300 ,66000 ,64300 ,490399 ,7533015 
2018-10-15,64300 ,-1500 ,14881 ,971152100 ,65800 ,66900 ,64200 ,484373 ,7533015 
2018-10-12,65800 ,2600 ,59698 ,3866292900 ,61600 ,66100 ,61600 ,495672 ,7533015 
2018-10-11,63200 ,-3400 ,72330 ,4615368600 ,64000 ,65900 ,62500 ,476087 ,7533015 
2018-10-10,66600 ,-4400 ,66190 ,4471797000 ,70200 ,70900 ,66200 ,501699 ,7533015 
2018-10-08,71000 ,-3300 ,47991 ,3449232100 ,74300 ,74300 ,70900 ,534844 ,7533015 
2018-10-05,74300 ,-1300 ,32580 ,2397198800 ,75100 ,76500 ,72200 ,559703 ,7533015 
2018-10-04,75600 ,-1400 ,22033 ,1666348600 ,77100 ,78000 ,74800 ,569496 ,7533015 
2018-10-02,77000 ,-1200 ,23835 ,1863439800 ,77600 ,79500 ,77000 ,580042 ,7533015 
2018-10-01,78200 ,400 ,24623 ,1931214100 ,77300 ,79200 ,77300 ,589082 ,7533015 
2018-09-28,77800 ,2500 ,42860 ,3326959300 ,75300 ,78500 ,75300 ,586069 ,7533015 
2018-09-27,75300 ,0 ,20930 ,1576601100 ,75000 ,76000 ,74600 ,567236 ,7533015 
2018-09-21,75300 ,-900 ,41508 ,3128940800 ,76200 ,77400 ,74500 ,567236 ,7533015 
2018-09-20,76200 ,-1200 ,45317 ,3456437300 ,77600 ,77700 ,75200 ,574016 ,7533015 
2018-09-19,77400 ,-400 ,32324 ,2517436400 ,77800 ,79600 ,77100 ,583055 ,7533015 
2018-09-18,77800 ,-600 ,33478 ,2613009000 ,78300 ,78800 ,77800 ,586069 ,7533015 
2018-09-17,78400 ,-2000 ,48385 ,3804722000 ,80100 ,80700 ,78100 ,590588 ,7533015 
2018-09-14,80400 ,400 ,19974 ,1600452000 ,80100 ,80900 ,79700 ,605654 ,7533015 
2018-09-13,80000 ,-1100 ,32391 ,2596518100 ,81600 ,81600 ,79600 ,602641 ,7533015 
2018-09-12,81100 ,-800 ,23053 ,1869682700 ,81800 ,82100 ,80600 ,610928 ,7533015 
2018-09-11,81900 ,-500 ,10550 ,865802600 ,83000 ,83000 ,81000 ,616954 ,7533015 
2018-09-10,82400 ,200 ,20645 ,1704142900 ,82200 ,83200 ,81700 ,620720 ,7533015 
2018-09-07,82200 ,1000 ,21102 ,1725598300 ,81200 ,82400 ,80600 ,619214 ,7533015 
2018-09-06,81200 ,-900 ,35970 ,2910510600 ,82400 ,82400 ,79900 ,611681 ,7533015 
2018-09-05,82100 ,-2600 ,56693 ,4693541700 ,85500 ,85500 ,81900 ,618461 ,7533015 
2018-09-04,84700 ,1600 ,31240 ,2609205200 ,83100 ,84700 ,82500 ,638046 ,7533015 
2018-09-03,83100 ,-400 ,16922 ,1403600600 ,83500 ,84000 ,82500 ,625994 ,7533015 
2018-08-31,83500 ,-100 ,26847 ,2225716700 ,83900 ,83900 ,82300 ,629007 ,7533015 
2018-08-30,83600 ,1200 ,18493 ,1542277500 ,82900 ,83900 ,82800 ,629760 ,7533015 
2018-08-29,82400 ,200 ,24396 ,2026791800 ,82000 ,83800 ,82000 ,620720 ,7533015 
2018-08-28,82200 ,-300 ,31066 ,2561996300 ,82800 ,83500 ,81900 ,619214 ,7533015 
2018-08-27,82500 ,-2200 ,74335 ,6112767400 ,85300 ,85300 ,81600 ,621474 ,7533015 
2018-08-24,84700 ,-1500 ,27443 ,2323778200 ,86200 ,86400 ,84100 ,638046 ,7533015 
2018-08-23,86200 ,100 ,20776 ,1802104300 ,86100 ,87700 ,85800 ,649346 ,7533015 
2018-08-22,86100 ,-300 ,19797 ,1713014600 ,87000 ,87400 ,86000 ,648593 ,7533015 
2018-08-21,86400 ,-2100 ,35209 ,3052454600 ,89200 ,89200 ,86000 ,650852 ,7533015 
2018-08-20,88500 ,2500 ,36497 ,3182438000 ,87500 ,88500 ,85800 ,666672 ,7533015 
2018-08-17,86000 ,3900 ,81393 ,7003434400 ,82400 ,88700 ,82400 ,647839 ,7533015 
2018-08-16,82100 ,100 ,37622 ,3108007100 ,82400 ,84100 ,81300 ,618461 ,7533015 
2018-08-14,82000 ,4000 ,53327 ,4352175600 ,77500 ,83700 ,77500 ,617707 ,7533015 
2018-08-13,78000 ,-4500 ,68239 ,5438286500 ,82200 ,82600 ,78000 ,587575 ,7533015 
2018-08-10,82500 ,-1600 ,25748 ,2137621700 ,84700 ,84800 ,82000 ,621474 ,7533015 
2018-08-09,84100 ,-700 ,18091 ,1524758500 ,85600 ,85600 ,83600 ,633527 ,7533015 
2018-08-08,84800 ,-400 ,16764 ,1426821700 ,85100 ,85900 ,84100 ,638800 ,7533015 
2018-08-07,85200 ,200 ,25298 ,2162613400 ,84700 ,86200 ,84400 ,641813 ,7533015 
2018-08-06,85000 ,-800 ,24185 ,2063976000 ,86900 ,86900 ,84200 ,640306 ,7533015 
2018-08-03,85800 ,1300 ,26658 ,2283172900 ,83700 ,86500 ,83700 ,646333 ,7533015 
2018-08-02,84500 ,-1900 ,35137 ,2981682900 ,87400 ,87400 ,83500 ,636540 ,7533015 
2018-08-01,86400 ,1700 ,57045 ,4892292700 ,83600 ,87100 ,83200 ,650852 ,7533015 
2018-07-31,84700 ,-200 ,64014 ,5331238700 ,84800 ,84800 ,81500 ,638046 ,7533015 
2018-07-30,84900 ,1100 ,79432 ,6572225600 ,83800 ,84900 ,81200 ,639553 ,7533015 
2018-07-27,83800 ,-3900 ,227339 ,18897702700 ,86900 ,86900 ,81600 ,631267 ,7533015 
2018-07-26,87700 ,100 ,22190 ,1938881000 ,87900 ,88500 ,86700 ,660645 ,7533015 
2018-07-25,87600 ,-300 ,27287 ,2399293000 ,88200 ,90500 ,86500 ,659892 ,7533015 
2018-07-24,87900 ,300 ,38095 ,3337896300 ,87000 ,89100 ,86600 ,662152 ,7533015 
2018-07-23,87600 ,-5100 ,58752 ,5207859000 ,92700 ,94400 ,87000 ,659892 ,7533015 
2018-07-20,92700 ,-100 ,18802 ,1773095900 ,93600 ,96000 ,92400 ,698310 ,7533015 
2018-07-19,92800 ,-2400 ,42883 ,3962316600 ,95200 ,95400 ,89400 ,699064 ,7533015 
2018-07-18,95200 ,-1200 ,21180 ,2033248600 ,96500 ,97100 ,94700 ,717143 ,7533015 
2018-07-17,96400 ,2300 ,25621 ,2454249700 ,94500 ,96800 ,93300 ,726183 ,7533015 
2018-07-16,94100 ,-2900 ,56107 ,5304521900 ,97100 ,97700 ,94000 ,708857 ,7533015 
2018-07-13,97000 ,2200 ,54661 ,5306795900 ,96000 ,98400 ,95300 ,730702 ,7533015 
2018-07-12,94800 ,-900 ,47204 ,4493388000 ,95700 ,96900 ,94600 ,714130 ,7533015 
2018-07-11,95700 ,-1500 ,61453 ,5909735300 ,96700 ,98800 ,95000 ,720910 ,7533015 
2018-07-10,97200 ,-2700 ,80254 ,7854644100 ,100500 ,102000 ,96000 ,732209 ,7533015 
2018-07-09,99900 ,-3100 ,60307 ,6083316600 ,104000 ,104500 ,99600 ,752548 ,7533015 
2018-07-06,103000 ,-4000 ,70956 ,7301697000 ,106000 ,108000 ,101500 ,775901 ,7533015 
2018-07-05,107000 ,-5500 ,133113 ,14144367500 ,113500 ,114500 ,102500 ,806033 ,7533015 
2018-07-04,112500 ,4000 ,47311 ,5280364500 ,106000 ,114000 ,106000 ,847464 ,7533015 
2018-07-03,108500 ,-1000 ,72030 ,7761355000 ,109500 ,112500 ,102500 ,817332 ,7533015 
2018-07-02,109500 ,3500 ,155075 ,17422550500 ,108500 ,115000 ,107000 ,824865 ,7533015 
2018-06-29,106000 ,1000 ,27643 ,2863419500 ,105000 ,106500 ,100500 ,798500 ,7533015 
2018-06-28,105000 ,-1000 ,26064 ,2698440500 ,105500 ,106000 ,101000 ,790967 ,7533015 
2018-06-27,106000 ,1000 ,25568 ,2730097000 ,106000 ,109000 ,104500 ,798500 ,7533015 
2018-06-26,105000 ,-3500 ,21448 ,2288490500 ,108000 ,109000 ,105000 ,790967 ,7533015 
2018-06-25,108500 ,2000 ,30799 ,3328858000 ,105500 ,110500 ,104500 ,817332 ,7533015 
2018-06-22,106500 ,1500 ,36704 ,3828782500 ,105000 ,106500 ,102000 ,802266 ,7533015 
2018-06-21,105000 ,-1000 ,47784 ,5011475500 ,107500 ,108000 ,102000 ,790967 ,7533015 
2018-06-20,106000 ,5500 ,89694 ,9403875000 ,101000 ,106500 ,101000 ,798500 ,7533015 
2018-06-19,100500 ,-4500 ,52289 ,5375430000 ,105500 ,107500 ,100500 ,757068 ,7533015 
2018-06-18,105000 ,-2000 ,84846 ,9162044500 ,107500 ,110000 ,104500 ,790967 ,7533015 
2018-06-15,107000 ,4500 ,127110 ,13721078000 ,103500 ,111000 ,103000 ,806033 ,7533015 
2018-06-14,102500 ,0 ,40202 ,4142500000 ,102500 ,105500 ,101000 ,772134 ,7533015 
2018-06-12,102500 ,-4000 ,103764 ,10624417400 ,105000 ,107000 ,99900 ,772134 ,7533015 
2018-06-11,106500 ,-3500 ,64691 ,6859440500 ,110500 ,110500 ,103500 ,802266 ,7533015 
2018-06-08,110000 ,-1500 ,36782 ,4006087500 ,111500 ,112000 ,107000 ,828632 ,7533015 
2018-06-07,111500 ,2000 ,75595 ,8620987500 ,109500 ,117500 ,108500 ,839931 ,7533015 
2018-06-05,109500 ,-4000 ,38877 ,4322267000 ,113500 ,115000 ,109000 ,824865 ,7533015 
2018-06-04,113500 ,1500 ,56233 ,6290818000 ,112000 ,114500 ,108000 ,854997 ,7533015 
2018-06-01,112000 ,11000 ,143710 ,15643157000 ,101000 ,113500 ,100000 ,843698 ,7533015 
2018-05-31,101000 ,500 ,32769 ,3288448800 ,101500 ,101500 ,99000 ,760835 ,7533015 
2018-05-30,100500 ,1200 ,29547 ,2950207700 ,100000 ,101500 ,98500 ,757068 ,7533015 
2018-05-29,99300 ,-700 ,25964 ,2589914300 ,100000 ,101500 ,98500 ,748028 ,7533015 
2018-05-28,100000 ,1800 ,38015 ,3786481600 ,98600 ,100500 ,98000 ,753302 ,7533015 
2018-05-25,98200 ,-4300 ,42879 ,4257239300 ,100500 ,101500 ,97400 ,739742 ,7533015 
2018-05-24,102500 ,-1500 ,33465 ,3432831000 ,105000 ,105500 ,100000 ,772134 ,7533015 
2018-05-23,104000 ,-500 ,48745 ,5009430000 ,104500 ,105500 ,100000 ,783434 ,7533015 
2018-05-21,104500 ,3000 ,75146 ,7969620000 ,101500 ,109000 ,101500 ,787200 ,7533015 
2018-05-18,101500 ,1500 ,36609 ,3699107700 ,100500 ,102500 ,99000 ,764601 ,7533015 
2018-05-17,100000 ,2500 ,70586 ,7028889600 ,98000 ,101000 ,97500 ,753302 ,7533015 
2018-05-16,97500 ,4300 ,97102 ,9460341200 ,93200 ,99300 ,93200 ,734469 ,7533015 
2018-05-15,93200 ,-1300 ,28307 ,2672319600 ,93900 ,95100 ,93200 ,702077 ,7533015 
2018-05-14,94500 ,2500 ,25095 ,2332032600 ,92000 ,94500 ,91600 ,711870 ,7533015 
2018-05-11,92000 ,-200 ,19883 ,1834018100 ,92700 ,93600 ,91000 ,693037 ,7533015 
2018-05-10,92200 ,500 ,23354 ,2136486200 ,91100 ,93000 ,90100 ,694544 ,7533015 
2018-05-09,91700 ,-1300 ,37646 ,3419057100 ,92800 ,93700 ,89000 ,690777 ,7533015 
2018-05-08,93000 ,-3500 ,51924 ,4886801600 ,97400 ,97800 ,91800 ,700570 ,7533015 
2018-05-04,96500 ,200 ,54733 ,5243250300 ,96900 ,97100 ,93700 ,726936 ,7533015 
2018-05-03,96300 ,4400 ,93028 ,8860123600 ,92000 ,97000 ,91000 ,725429 ,7533015 
2018-05-02,91900 ,1800 ,43021 ,3996133400 ,91400 ,94500 ,90300 ,692284 ,7533015 
2018-04-30,90100 ,-200 ,65957 ,5961002400 ,90800 ,92300 ,87900 ,678725 ,7533015 
2018-04-27,90300 ,-2700 ,47533 ,4346218400 ,93200 ,94300 ,89400 ,680231 ,7533015 
2018-04-26,93000 ,-500 ,19177 ,1784016800 ,94900 ,94900 ,92000 ,700570 ,7533015 
2018-04-25,93500 ,1300 ,76648 ,7231322600 ,90900 ,96600 ,90800 ,704337 ,7533015 
2018-04-24,92200 ,2100 ,184822 ,17387506100 ,97000 ,97000 ,89700 ,694544 ,7533015 
2018-04-23,90100 ,-1900 ,78436 ,7029273600 ,92500 ,92500 ,87800 ,678725 ,7533015 
2018-04-20,92000 ,-1000 ,37848 ,3505226800 ,93800 ,93800 ,91100 ,693037 ,7533015 
2018-04-19,93000 ,3200 ,88236 ,8225055900 ,88800 ,94400 ,88600 ,700570 ,7533015 
2018-04-18,89800 ,-600 ,56828 ,5131760300 ,90400 ,91500 ,87100 ,676465 ,7533015 
2018-04-17,90400 ,1100 ,93748 ,8434359400 ,89900 ,92000 ,87600 ,680985 ,7533015 
2018-04-16,89300 ,10200 ,255078 ,22026412400 ,83400 ,89900 ,81700 ,672698 ,7533015 
2018-04-13,79100 ,-900 ,67675 ,5379244700 ,80000 ,81100 ,77800 ,595861 ,7533015 
2018-04-12,80000 ,4600 ,106433 ,8341772300 ,75500 ,81000 ,73900 ,602641 ,7533015 
2018-04-11,75400 ,1200 ,75700 ,5584618900 ,74500 ,75400 ,72500 ,567989 ,7533015 
2018-04-10,74200 ,-2800 ,182113 ,13253518200 ,77000 ,77600 ,70900 ,558950 ,7533015 
2018-04-09,77000 ,-900 ,36102 ,2799676600 ,77800 ,78400 ,76800 ,580042 ,7533015 
2018-04-06,77900 ,600 ,37604 ,2929163700 ,78400 ,78600 ,77200 ,586822 ,7533015 
2018-04-05,77300 ,-1200 ,55882 ,4400958600 ,78500 ,80500 ,77100 ,582302 ,7533015 
2018-04-04,78500 ,-3000 ,104567 ,8266103100 ,81500 ,81700 ,77900 ,591342 ,7533015 
2018-04-03,81500 ,-500 ,26589 ,2162250900 ,82700 ,82700 ,80500 ,613941 ,7533015 
2018-04-02,82000 ,-100 ,30346 ,2505289100 ,82900 ,83800 ,81500 ,617707 ,7533015 
2018-03-30,82100 ,-300 ,24290 ,2007705700 ,82900 ,83900 ,82000 ,618461 ,7533015 
2018-03-29,82400 ,-900 ,29743 ,2461197300 ,82900 ,84100 ,81400 ,620720 ,7533015 
2018-03-28,83300 ,-400 ,28047 ,2316559800 ,82700 ,83500 ,81600 ,627500 ,7533015 
2018-03-27,83700 ,2800 ,65220 ,5423131900 ,82800 ,85200 ,82700 ,630513 ,7533015 
2018-03-26,80900 ,400 ,95459 ,7546397400 ,79700 ,81200 ,75900 ,609421 ,7533015 
2018-03-23,80500 ,-4500 ,96460 ,7766457700 ,82600 ,83700 ,78900 ,606408 ,7533015 
2018-03-22,85000 ,6100 ,211683 ,17239720700 ,78000 ,85400 ,78000 ,640306 ,7533015 
2018-03-21,78900 ,-4500 ,571892 ,45237254800 ,78200 ,82500 ,76300 ,594355 ,7533015 
2018-03-20,83400 ,0 ,25822 ,2150566600 ,83000 ,84400 ,82500 ,628253 ,7533015 
2018-03-19,83400 ,-4100 ,74447 ,6285035500 ,88100 ,88100 ,82700 ,628253 ,7533015 
2018-03-16,87500 ,2000 ,27317 ,2370140400 ,86300 ,87700 ,85500 ,659139 ,7533015 
2018-03-15,85500 ,-900 ,27241 ,2331816500 ,85500 ,86400 ,85300 ,644073 ,7533015 
2018-03-14,86400 ,-300 ,36878 ,3182747000 ,85500 ,87400 ,85300 ,650852 ,7533015 
2018-03-13,86700 ,-1500 ,51885 ,4509090000 ,89400 ,89400 ,86200 ,653112 ,7533015 
2018-03-12,88200 ,1200 ,67083 ,5950596800 ,88000 ,90300 ,86700 ,664412 ,7533015 
2018-03-09,87000 ,2100 ,43604 ,3778670900 ,85300 ,88600 ,85000 ,655372 ,7533015 
2018-03-08,84900 ,1200 ,72501 ,6073678500 ,83700 ,85300 ,82700 ,639553 ,7533015 
2018-03-07,83700 ,-2700 ,61188 ,5217648400 ,87500 ,87900 ,83000 ,630513 ,7533015 
2018-03-06,86400 ,400 ,56597 ,4928401100 ,88400 ,88400 ,85500 ,650852 ,7533015 
2018-03-05,86000 ,-5800 ,135943 ,12000552300 ,92100 ,92500 ,85800 ,647839 ,7533015 
2018-03-02,91800 ,-5000 ,112281 ,10431519800 ,95100 ,96300 ,91300 ,691531 ,7533015 
2018-02-28,96800 ,-600 ,42769 ,4120552300 ,97000 ,97300 ,95500 ,729196 ,7533015 
2018-02-27,97400 ,400 ,59337 ,5801596300 ,97700 ,99100 ,94600 ,733716 ,7533015 
2018-02-26,97000 ,3200 ,67656 ,6514978400 ,93800 ,97800 ,93500 ,730702 ,7533015 
2018-02-23,93800 ,800 ,71874 ,6686351600 ,93000 ,95500 ,90800 ,706597 ,7533015 
2018-02-22,93000 ,1800 ,68280 ,6297776300 ,91900 ,93700 ,90000 ,700570 ,7533015 
2018-02-21,91200 ,1400 ,102646 ,9282209800 ,88000 ,92500 ,87300 ,687011 ,7533015 
2018-02-20,89800 ,-2500 ,143054 ,12782069300 ,93000 ,94000 ,86500 ,676465 ,7533015 
2018-02-19,92300 ,2200 ,53203 ,4920427700 ,90500 ,94300 ,89600 ,695297 ,7533015 
2018-02-14,90100 ,-100 ,43781 ,3981537500 ,93000 ,93000 ,90000 ,678725 ,7533015 
2018-02-13,90200 ,-500 ,57137 ,5173418400 ,92200 ,92200 ,88700 ,679478 ,7533015 
2018-02-12,90700 ,700 ,57368 ,5260197200 ,90200 ,93500 ,90200 ,683244 ,7533015 
2018-02-09,90000 ,100 ,71992 ,6418285900 ,85100 ,91600 ,85100 ,677971 ,7533015 
2018-02-08,89900 ,2100 ,60947 ,5503568800 ,89800 ,92200 ,88000 ,677218 ,7533015 
2018-02-07,87800 ,-6200 ,199293 ,18867913400 ,97400 ,102000 ,87300 ,661399 ,7533015 
2018-02-06,94000 ,0 ,133163 ,12283658400 ,91800 ,95400 ,88500 ,708103 ,7533015 
2018-02-05,94000 ,-2800 ,133112 ,12809339300 ,93200 ,98800 ,93200 ,708103 ,7533015 
2018-02-02,96800 ,900 ,111914 ,10953036800 ,95900 ,99500 ,95900 ,729196 ,7533015 
2018-02-01,95900 ,1600 ,186510 ,17937748900 ,95600 ,98300 ,91500 ,722416 ,7533015 
2018-01-31,94300 ,4400 ,365926 ,34821309400 ,90300 ,98700 ,90100 ,710363 ,7533015 
2018-01-30,89900 ,4000 ,225365 ,20081602700 ,86300 ,91800 ,83600 ,677218 ,7533015 
2018-01-29,85900 ,4900 ,178293 ,15098285500 ,81500 ,86100 ,81300 ,647086 ,7533015 
2018-01-26,81000 ,0 ,91542 ,7409113100 ,81600 ,81900 ,80300 ,610174 ,7533015 
2018-01-25,81000 ,-600 ,93796 ,7590871800 ,81900 ,82500 ,80000 ,610174 ,7533015 
2018-01-24,81600 ,-2400 ,148173 ,12047151300 ,84000 ,84100 ,79500 ,614694 ,7533015 
2018-01-23,84000 ,-1600 ,60296 ,5082209700 ,85300 ,86000 ,83700 ,632773 ,7533015 
2018-01-22,85600 ,-1500 ,58707 ,4994462100 ,87900 ,87900 ,83700 ,644826 ,7533015 
2018-01-19,87100 ,700 ,100844 ,8811419600 ,87000 ,88700 ,85600 ,656126 ,7533015 
2018-01-18,86400 ,1800 ,155841 ,13522438200 ,86000 ,88600 ,84600 ,650852 ,7533015 
2018-01-17,84600 ,1700 ,164641 ,13986121500 ,82800 ,86400 ,82800 ,637293 ,7533015 
2018-01-16,82900 ,3500 ,209002 ,17128916300 ,79500 ,83600 ,78800 ,624487 ,7533015 
2018-01-15,79400 ,-700 ,217811 ,17466528000 ,79700 ,82400 ,77100 ,598121 ,7533015 
2018-01-12,80100 ,-5400 ,392666 ,31614366400 ,86200 ,86300 ,78100 ,603395 ,7533015 
2018-01-11,85500 ,-4000 ,347903 ,29514491400 ,88700 ,89100 ,82200 ,644073 ,7533015 
2018-01-10,89500 ,-1200 ,93797 ,8473629000 ,91000 ,92700 ,89100 ,674205 ,7533015 
2018-01-09,90700 ,100 ,85366 ,7879890400 ,91600 ,93700 ,90600 ,683244 ,7533015 
2018-01-08,90600 ,-2700 ,105845 ,9692494600 ,94500 ,95500 ,90500 ,682491 ,7533015 
2018-01-05,93300 ,300 ,209775 ,19418411000 ,93000 ,95200 ,90300 ,702830 ,7533015 
2018-01-04,93000 ,-7000 ,272066 ,25990379500 ,101000 ,102500 ,91400 ,700570 ,7533015 
2018-01-03,100000 ,-3500 ,142837 ,14329142600 ,104000 ,104000 ,99300 ,753302 ,7533015 
2018-01-02,103500 ,6700 ,143436 ,14477274800 ,96400 ,104500 ,96300 ,779667 ,7533015 
2017-12-28,96800 ,-1600 ,90843 ,8830974300 ,98000 ,99300 ,96100 ,729196 ,7533015 
2017-12-27,98400 ,4300 ,90785 ,8890361300 ,94600 ,99400 ,94500 ,741249 ,7533015 
2017-12-26,94100 ,-2700 ,128843 ,12350403300 ,97700 ,99600 ,93800 ,708857 ,7533015 
2017-12-22,96800 ,6800 ,211870 ,20238775500 ,89000 ,98300 ,88900 ,729196 ,7533015 
2017-12-21,90000 ,-4000 ,129232 ,11917581500 ,94000 ,95000 ,90000 ,677971 ,7533015 
2017-12-20,94000 ,500 ,115297 ,10969992600 ,92200 ,97600 ,91700 ,708103 ,7533015 
2017-12-19,93500 ,400 ,193113 ,17621881900 ,94400 ,94400 ,88300 ,704337 ,7533015 
2017-12-18,93100 ,3300 ,162974 ,15183941800 ,90400 ,94800 ,89700 ,701324 ,7533015 
2017-12-15,89800 ,4800 ,193523 ,17000072600 ,85000 ,90000 ,84200 ,676465 ,7533015 
2017-12-14,85000 ,2600 ,180858 ,15318392500 ,83800 ,86800 ,81700 ,640306 ,7533015 
2017-12-13,82400 ,5300 ,170350 ,13825390700 ,76100 ,83300 ,76100 ,620720 ,7533015 
2017-12-12,77100 ,-1500 ,62032 ,4806205800 ,78400 ,79900 ,76400 ,580795 ,7533015 
2017-12-11,78600 ,2100 ,91003 ,7013063200 ,76500 ,78600 ,75500 ,592095 ,7533015 
2017-12-08,76500 ,-500 ,130757 ,10055133100 ,77400 ,79600 ,74200 ,576276 ,7533015 
2017-12-07,77000 ,-2500 ,159995 ,12460293100 ,79100 ,80500 ,76300 ,580042 ,7533015 
2017-12-06,79500 ,500 ,228029 ,18517259300 ,79200 ,84200 ,78200 ,598875 ,7533015 
2017-12-05,79000 ,-1400 ,328708 ,26741693500 ,81000 ,84000 ,78700 ,595108 ,7533015 
2017-12-04,80400 ,6200 ,306121 ,24162728500 ,76000 ,80400 ,75200 ,605654 ,7533015 
2017-12-01,74200 ,3000 ,188365 ,13826633100 ,71800 ,74500 ,70900 ,558950 ,7533015 
2017-11-30,71200 ,800 ,271832 ,19537471600 ,70100 ,73400 ,69800 ,536351 ,7533015 
2017-11-29,70400 ,-200 ,153605 ,10823740300 ,70500 ,72000 ,69300 ,530324 ,7533015 
2017-11-28,70600 ,-2900 ,164882 ,11735056000 ,72500 ,73300 ,70200 ,531831 ,7533015 
2017-11-27,73500 ,2600 ,392952 ,28583290500 ,71500 ,75200 ,70500 ,553677 ,7533015 
2017-11-24,70900 ,9600 ,1097175 ,75314119200 ,65000 ,72600 ,64000 ,534091 ,7533015 
2017-11-23,61300 ,2800 ,187088 ,11386176400 ,59000 ,62100 ,58800 ,461774 ,7533015 
2017-11-22,58500 ,-1900 ,127789 ,7513323100 ,60500 ,60500 ,58100 ,440681 ,7533015 
2017-11-21,60400 ,-1000 ,86531 ,5252849300 ,62400 ,62400 ,59900 ,454994 ,7533015 
2017-11-20,61400 ,2100 ,196291 ,12047211600 ,59300 ,62600 ,59000 ,462527 ,7533015 
2017-11-17,59300 ,200 ,46785 ,2771136200 ,59100 ,59900 ,58500 ,446708 ,7533015 
2017-11-16,59100 ,100 ,59758 ,3518988200 ,59000 ,59500 ,58200 ,445201 ,7533015 
2017-11-15,59000 ,-2500 ,199226 ,11857556300 ,62300 ,62300 ,58800 ,444448 ,7533015 
2017-11-14,61500 ,-900 ,100356 ,6149933600 ,62400 ,62400 ,60500 ,463280 ,7533015 
2017-11-13,62400 ,1900 ,167702 ,10278970700 ,60200 ,63100 ,59200 ,470060 ,7533015 
2017-11-10,60500 ,2800 ,137840 ,8254335400 ,58100 ,60800 ,57300 ,455747 ,7533015 
2017-11-09,57700 ,0 ,41005 ,2375633600 ,58300 ,58300 ,57600 ,434655 ,7533015 
2017-11-08,57700 ,300 ,66125 ,3839621000 ,57400 ,58800 ,57200 ,434655 ,7533015 
2017-11-07,57400 ,-1000 ,46456 ,2683178400 ,58100 ,58600 ,57300 ,432395 ,7533015 
2017-11-06,58400 ,800 ,48288 ,2799336900 ,57800 ,58800 ,57100 ,439928 ,7533015 
2017-11-03,57600 ,200 ,66684 ,3845391800 ,57100 ,58400 ,57100 ,433902 ,7533015 
2017-11-02,57400 ,-2100 ,130656 ,7613847000 ,59400 ,60000 ,57300 ,432395 ,7533015 
2017-11-01,59500 ,-1200 ,115025 ,6843117400 ,61300 ,61300 ,58700 ,448214 ,7533015 
2017-10-31,60700 ,700 ,71430 ,4361166800 ,60000 ,62400 ,59500 ,457254 ,7533015 
2017-10-30,60000 ,-1000 ,79880 ,4786939700 ,61600 ,61700 ,59300 ,451981 ,7533015 
2017-10-27,61000 ,300 ,58953 ,3594926900 ,60700 ,61800 ,60400 ,459514 ,7533015 
2017-10-26,60700 ,-1000 ,87148 ,5341491300 ,61700 ,62400 ,60300 ,457254 ,7533015 
2017-10-25,61700 ,-1200 ,68400 ,4237594600 ,62900 ,63100 ,61200 ,464787 ,7533015 
2017-10-24,62900 ,-100 ,124415 ,7832744000 ,63700 ,63900 ,62300 ,473827 ,7533015 
2017-10-23,63000 ,5000 ,363382 ,22435869100 ,58500 ,63500 ,58200 ,474580 ,7533015 
2017-10-20,58000 ,-200 ,87989 ,5059570400 ,58000 ,58500 ,56500 ,436915 ,7533015 
2017-10-19,58200 ,-700 ,70084 ,4077501400 ,59000 ,59400 ,57700 ,438421 ,7533015 
2017-10-18,58900 ,-700 ,61071 ,3610122100 ,59600 ,60200 ,58600 ,443695 ,7533015 
2017-10-17,59600 ,700 ,94736 ,5598687500 ,59000 ,60000 ,57700 ,448968 ,7533015 
2017-10-16,58900 ,-100 ,102401 ,6077020200 ,59500 ,60100 ,58500 ,443695 ,7533015 
2017-10-13,59000 ,200 ,79222 ,4707028200 ,58900 ,60200 ,58600 ,444448 ,7533015 
2017-10-12,58800 ,-400 ,70711 ,4207809300 ,59300 ,60400 ,58800 ,442941 ,7533015 
2017-10-11,59200 ,-100 ,98382 ,5881850700 ,60000 ,61100 ,59100 ,445954 ,7533015 
2017-10-10,59300 ,3100 ,226972 ,13405603300 ,57900 ,59900 ,57000 ,446708 ,7533015 
2017-09-29,56200 ,1700 ,161035 ,9095971500 ,54000 ,57700 ,53900 ,423355 ,7533015 
2017-09-28,54500 ,1500 ,76202 ,4134421000 ,54000 ,55100 ,52900 ,410549 ,7533015 
2017-09-27,53000 ,400 ,53849 ,2836675600 ,52600 ,53400 ,51900 ,399250 ,7533015 
2017-09-26,52600 ,2100 ,75026 ,3865831800 ,50000 ,52700 ,49500 ,396237 ,7533015 
2017-09-25,50500 ,-600 ,37367 ,1910228700 ,51100 ,51900 ,50500 ,380417 ,7533015 
2017-09-22,51100 ,1100 ,161426 ,8386858650 ,50100 ,53400 ,49950 ,384937 ,7533015 
2017-09-21,50000 ,-2400 ,124623 ,6337668800 ,52300 ,52500 ,49900 ,376651 ,7533015 
2017-09-20,52400 ,-2000 ,93441 ,4956638400 ,54200 ,54700 ,52300 ,394730 ,7533015 
2017-09-19,54400 ,-600 ,41261 ,2242659600 ,55300 ,55500 ,53900 ,409796 ,7533015 
2017-09-18,55000 ,1500 ,127023 ,6919904500 ,53100 ,55600 ,52500 ,414316 ,7533015 
2017-09-15,53500 ,-3000 ,288902 ,15574653400 ,55900 ,55900 ,53000 ,403016 ,7533015 
2017-09-14,56500 ,1200 ,64083 ,3581293800 ,55200 ,56500 ,54900 ,425615 ,7533015 
2017-09-13,55300 ,-1400 ,92352 ,5142134900 ,57100 ,57100 ,55100 ,416576 ,7533015 
2017-09-12,56700 ,700 ,60263 ,3404043300 ,56500 ,57200 ,55400 ,427122 ,7533015 
2017-09-11,56000 ,-100 ,92553 ,5160723700 ,56200 ,56700 ,55000 ,421849 ,7533015 
2017-09-08,56100 ,-1700 ,82747 ,4699296800 ,58200 ,58300 ,55900 ,422602 ,7533015 
2017-09-07,57800 ,1700 ,88165 ,5036299400 ,56900 ,57900 ,56000 ,435408 ,7533015 
2017-09-06,56100 ,-100 ,69941 ,3979971800 ,56000 ,57700 ,56000 ,422602 ,7533015 
2017-09-05,56200 ,600 ,116273 ,6596884600 ,56300 ,58000 ,55300 ,423355 ,7533015 
2017-09-04,55600 ,300 ,172205 ,9634868000 ,54000 ,57000 ,54000 ,418836 ,7533015 
2017-09-01,55300 ,2500 ,175381 ,9535983700 ,53000 ,55600 ,51700 ,416576 ,7533015 
2017-08-31,52800 ,900 ,58327 ,3083335600 ,52000 ,53400 ,52000 ,397743 ,7533015 
2017-08-30,51900 ,-500 ,40099 ,2085621700 ,52700 ,52700 ,51600 ,390963 ,7533015 
2017-08-29,52400 ,100 ,44189 ,2305758200 ,52000 ,53000 ,51700 ,394730 ,7533015 
2017-08-28,52300 ,0 ,33116 ,1744553800 ,52400 ,53300 ,51600 ,393977 ,7533015 
2017-08-25,52300 ,-400 ,48023 ,2515854700 ,52800 ,53200 ,51800 ,393977 ,7533015 
2017-08-24,52700 ,-900 ,101046 ,5305672600 ,53600 ,54100 ,51600 ,396990 ,7533015 
2017-08-23,53600 ,-1100 ,66967 ,3627711900 ,55200 ,55400 ,53400 ,403770 ,7533015 
2017-08-22,54700 ,1700 ,152901 ,8387818300 ,52700 ,55700 ,52700 ,412056 ,7533015 
2017-08-21,53000 ,-600 ,41385 ,2216990100 ,53400 ,54100 ,53000 ,399250 ,7533015 
2017-08-18,53600 ,-700 ,66390 ,3575701800 ,53500 ,54500 ,53300 ,403770 ,7533015 
2017-08-17,54300 ,1000 ,102350 ,5476908400 ,53300 ,54300 ,52700 ,409043 ,7533015 
2017-08-16,53300 ,3350 ,217263 ,11335218000 ,50100 ,53300 ,50100 ,401510 ,7533015 
2017-08-14,49950 ,0 ,31363 ,1573555350 ,50800 ,50800 ,49750 ,376274 ,7533015 
2017-08-11,49950 ,-50 ,43319 ,2155116600 ,49300 ,50100 ,49100 ,376274 ,7533015 
2017-08-10,50000 ,-500 ,52017 ,2626121200 ,50400 ,51100 ,49900 ,376651 ,7533015 
2017-08-09,50500 ,300 ,67167 ,3399654600 ,49700 ,51300 ,49700 ,380417 ,7533015 
2017-08-08,50200 ,-300 ,34669 ,1734609700 ,50800 ,50800 ,49500 ,378157 ,7533015 
2017-08-07,50500 ,700 ,66506 ,3377577750 ,50000 ,52000 ,49950 ,380417 ,7533015 
2017-08-04,49800 ,250 ,58328 ,2910736500 ,49900 ,50800 ,49250 ,375144 ,7533015 
2017-08-03,49550 ,-1850 ,71117 ,3562552200 ,51400 ,51400 ,49550 ,373261 ,7533015 
2017-08-02,51400 ,-1300 ,250199 ,12729272550 ,52700 ,53900 ,49300 ,387197 ,7533015 
2017-08-01,52700 ,3850 ,176256 ,9047788000 ,49650 ,53000 ,48900 ,396990 ,7533015 
2017-07-31,48850 ,1900 ,68053 ,3307161050 ,47250 ,49250 ,47200 ,367988 ,7533015 
2017-07-28,46950 ,-950 ,28876 ,1359718650 ,47800 ,47900 ,46700 ,353675 ,7533015 
2017-07-27,47900 ,1200 ,21137 ,1001844750 ,46750 ,47900 ,46650 ,360831 ,7533015 
2017-07-26,46700 ,-900 ,32344 ,1517605750 ,47600 ,47950 ,46500 ,351792 ,7533015 
2017-07-25,47600 ,-700 ,20240 ,969312850 ,48300 ,48700 ,47600 ,358572 ,7533015 
2017-07-24,48300 ,500 ,27608 ,1330776250 ,48200 ,48700 ,47600 ,363845 ,7533015 
2017-07-21,47800 ,-850 ,39531 ,1895829000 ,48450 ,48500 ,47650 ,360078 ,7533015 
2017-07-20,48650 ,-350 ,32371 ,1568642650 ,48950 ,48950 ,48150 ,366481 ,7533015 
2017-07-19,49000 ,1600 ,59230 ,2884292850 ,47500 ,49150 ,47500 ,369118 ,7533015 
2017-07-18,47400 ,300 ,28854 ,1357040550 ,47100 ,47600 ,46450 ,357065 ,7533015 
2017-07-17,47100 ,1100 ,56056 ,2635664650 ,46500 ,47450 ,46100 ,354805 ,7533015 
2017-07-14,46000 ,-2150 ,122525 ,5664206850 ,48500 ,48500 ,45450 ,346519 ,7533015 
2017-07-13,48150 ,1500 ,54996 ,2616641850 ,47000 ,48150 ,46700 ,362715 ,7533015 
2017-07-12,46650 ,-1400 ,100312 ,4733941650 ,47300 ,47900 ,46500 ,351415 ,7533015 
2017-07-11,48050 ,-950 ,69682 ,3347519600 ,47700 ,48850 ,47650 ,361961 ,7533015 
2017-07-10,49000 ,-1900 ,63833 ,3158507300 ,50600 ,51500 ,48900 ,369118 ,7533015 
2017-07-07,50900 ,-600 ,78510 ,4034280300 ,51000 ,52500 ,50500 ,383430 ,7533015 
2017-07-06,51500 ,4050 ,201697 ,10220883650 ,47900 ,52200 ,47800 ,387950 ,7533015 
2017-07-05,47450 ,-1900 ,91785 ,4415011650 ,49250 ,49600 ,47250 ,357442 ,7533015 
2017-07-04,49350 ,-450 ,29712 ,1468978800 ,49400 ,50200 ,49300 ,371754 ,7533015 
2017-07-03,49800 ,-900 ,30886 ,1542849100 ,51100 ,51100 ,49600 ,375144 ,7533015 
2017-06-30,50700 ,900 ,32288 ,1621076800 ,49000 ,50700 ,49000 ,381924 ,7533015 
2017-06-29,49800 ,-900 ,35316 ,1766035750 ,50700 ,51100 ,49600 ,375144 ,7533015 
2017-06-28,50700 ,-900 ,45188 ,2298924200 ,51500 ,51600 ,50400 ,381924 ,7533015 
2017-06-27,51600 ,1400 ,44306 ,2239847600 ,50000 ,51600 ,49850 ,388704 ,7533015 
2017-06-26,50200 ,0 ,40095 ,2015590300 ,50700 ,51100 ,49900 ,378157 ,7533015 
2017-06-23,50200 ,650 ,88345 ,4483123950 ,49150 ,51600 ,49150 ,378157 ,7533015 
2017-06-22,49550 ,-750 ,58124 ,2884247850 ,50300 ,50500 ,48850 ,373261 ,7533015 
2017-06-21,50300 ,2400 ,194290 ,9731249100 ,47900 ,51000 ,47850 ,378911 ,7533015 
2017-06-20,47900 ,-1800 ,158558 ,7671205700 ,49300 ,49300 ,47900 ,360831 ,7533015 
2017-06-19,49700 ,-1500 ,158778 ,7937612300 ,51500 ,51500 ,49500 ,374391 ,7533015 
2017-06-16,51200 ,-1800 ,131252 ,6753342200 ,52600 ,52900 ,51000 ,385690 ,7533015 
2017-06-15,53000 ,-2200 ,144369 ,7720915700 ,54300 ,55000 ,52800 ,399250 ,7533015 
2017-06-14,55200 ,1600 ,162721 ,8975519000 ,53200 ,56100 ,53100 ,415822 ,7533015 
2017-06-13,53600 ,200 ,75277 ,4066977300 ,53800 ,54900 ,53400 ,403770 ,7533015 
2017-06-12,53400 ,-2200 ,122686 ,6610426400 ,56100 ,56100 ,53000 ,402263 ,7533015 
2017-06-09,55600 ,-1000 ,123141 ,6859544300 ,56100 ,56600 ,55000 ,418836 ,7533015 
2017-06-08,56600 ,-1300 ,118181 ,6724365500 ,58100 ,58400 ,56500 ,426369 ,7533015 
2017-06-07,57900 ,-500 ,52338 ,3034342500 ,58100 ,58400 ,57600 ,436162 ,7533015 
2017-06-05,58400 ,600 ,78695 ,4549802600 ,57700 ,58600 ,57000 ,439928 ,7533015 
2017-06-02,57800 ,-600 ,86634 ,5022758100 ,58600 ,58700 ,57700 ,435408 ,7533015 
2017-06-01,58400 ,1100 ,164755 ,9579822600 ,57100 ,59500 ,56600 ,439928 ,7533015 
2017-05-31,57300 ,-800 ,143600 ,8227665500 ,58200 ,58200 ,57000 ,431642 ,7533015 
2017-05-30,58100 ,500 ,131862 ,7570557100 ,57900 ,58200 ,56700 ,437668 ,7533015 
2017-05-29,57600 ,-3000 ,234599 ,13725885900 ,60400 ,60400 ,57000 ,433902 ,7533015 
2017-05-26,60600 ,-100 ,87612 ,5304059900 ,61100 ,61100 ,60000 ,456501 ,7533015 
2017-05-25,60700 ,-800 ,86608 ,5320173800 ,61700 ,62600 ,60500 ,457254 ,7533015 
2017-05-24,61500 ,-1400 ,93526 ,5790023400 ,63200 ,63300 ,61200 ,463280 ,7533015 
2017-05-23,62900 ,-1300 ,135145 ,8477693200 ,64200 ,64500 ,61500 ,473827 ,7533015 
2017-05-22,64200 ,-700 ,88146 ,5646372800 ,65700 ,66200 ,63100 ,483620 ,7533015 
2017-05-19,64900 ,300 ,41880 ,2721201100 ,65000 ,65400 ,64400 ,488893 ,7533015 
2017-05-18,64600 ,600 ,79742 ,5132384000 ,62800 ,65300 ,62800 ,486633 ,7533015 
2017-05-17,64000 ,0 ,79653 ,5096826400 ,63600 ,65000 ,62900 ,482113 ,7533015 
2017-05-16,64000 ,300 ,154465 ,9986975900 ,65000 ,66300 ,63100 ,482113 ,7533015 
2017-05-15,63700 ,-1000 ,85702 ,5511987600 ,64700 ,65300 ,63500 ,479853 ,7533015 
2017-05-12,64700 ,1600 ,101062 ,6437494700 ,63100 ,65200 ,61900 ,487386 ,7533015 
2017-05-11,63100 ,500 ,63658 ,4014329700 ,63100 ,64100 ,62400 ,475333 ,7533015 
2017-05-10,62600 ,-300 ,114452 ,7175283900 ,62200 ,63900 ,61300 ,471567 ,7533015 
2017-05-08,62900 ,3300 ,211613 ,13154855300 ,59900 ,63500 ,59600 ,473827 ,7533015 
2017-05-04,59600 ,3000 ,144114 ,8438868700 ,56400 ,59800 ,56400 ,448968 ,7533015 
2017-05-02,56600 ,0 ,35243 ,1989291600 ,56600 ,57200 ,56100 ,426369 ,7533015 
2017-04-28,56600 ,-500 ,92296 ,5302339100 ,58700 ,59400 ,56500 ,426369 ,7533015 
2017-04-27,57100 ,-600 ,46728 ,2668707600 ,57700 ,57900 ,56400 ,430135 ,7533015 
2017-04-26,57700 ,1400 ,125111 ,7265742600 ,56800 ,59000 ,56700 ,434655 ,7533015 
2017-04-25,56300 ,-300 ,53886 ,3028580200 ,57000 ,57000 ,55700 ,424109 ,7533015 
2017-04-24,56600 ,-300 ,32959 ,1871085400 ,56700 ,57300 ,56400 ,426369 ,7533015 
2017-04-21,56900 ,-400 ,40449 ,2311403300 ,57800 ,58100 ,56800 ,428629 ,7533015 
2017-04-20,57300 ,200 ,43882 ,2514348600 ,57300 ,58000 ,56400 ,431642 ,7533015 
2017-04-19,57100 ,600 ,59471 ,3384471700 ,56600 ,57300 ,56200 ,430135 ,7533015 
2017-04-18,56500 ,-600 ,93469 ,5264091700 ,57400 ,57700 ,55800 ,425615 ,7533015 
2017-04-17,57100 ,-500 ,124825 ,7121122200 ,58300 ,58400 ,56300 ,430135 ,7533015 
2017-04-14,57600 ,-200 ,58855 ,3389551600 ,57800 ,58300 ,57000 ,433902 ,7533015 
2017-04-13,57800 ,1100 ,55179 ,3172647900 ,56800 ,58200 ,56800 ,435408 ,7533015 
2017-04-12,56700 ,-300 ,76257 ,4344911300 ,56300 ,58200 ,55700 ,427122 ,7533015 
2017-04-11,57000 ,-2100 ,97976 ,5665216600 ,59500 ,59500 ,57000 ,429382 ,7533015 
2017-04-10,59100 ,500 ,94216 ,5534770700 ,58100 ,59500 ,57200 ,445201 ,7533015 
2017-04-07,58600 ,-300 ,94418 ,5529006300 ,59200 ,59300 ,58000 ,441435 ,7533015 
2017-04-06,58900 ,-100 ,42005 ,2485147800 ,59200 ,59800 ,58600 ,443695 ,7533015 
2017-04-05,59000 ,0 ,73875 ,4394866300 ,58900 ,60700 ,58500 ,444448 ,7533015 
2017-04-04,59000 ,-100 ,94191 ,5517286300 ,59300 ,59800 ,57500 ,444448 ,7533015 
2017-04-03,59100 ,-800 ,88170 ,5225994300 ,60200 ,60700 ,58600 ,445201 ,7533015 
2017-03-31,59900 ,-200 ,95226 ,5760020300 ,60200 ,61900 ,59400 ,451228 ,7533015 
2017-03-30,60100 ,-400 ,64915 ,3881145100 ,60500 ,60900 ,59100 ,452734 ,7533015 
2017-03-29,60500 ,-1000 ,110685 ,6712363200 ,61700 ,62000 ,59900 ,455747 ,7533015 
2017-03-28,61500 ,4000 ,289904 ,17661912400 ,57700 ,62900 ,57700 ,463280 ,7533015 
2017-03-27,57500 ,-1400 ,96970 ,5644236600 ,58900 ,59700 ,57400 ,433148 ,7533015 
2017-03-24,58900 ,1200 ,68288 ,3969846300 ,58200 ,59000 ,56800 ,443695 ,7533015 
2017-03-23,57700 ,0 ,83298 ,4742385100 ,58200 ,58200 ,56000 ,434655 ,7533015 
2017-03-22,57700 ,-200 ,60696 ,3526944400 ,57200 ,59100 ,57200 ,434655 ,7533015 
2017-03-21,57900 ,-100 ,83868 ,4849799000 ,58600 ,58700 ,57500 ,436162 ,7533015 
2017-03-20,58000 ,-2200 ,126940 ,7411099300 ,60700 ,60700 ,57200 ,436915 ,7533015 
2017-03-17,60200 ,300 ,111969 ,6757378100 ,59900 ,62000 ,58700 ,453488 ,7533015 
2017-03-16,59900 ,-1900 ,231053 ,14058383200 ,63500 ,64600 ,59000 ,451228 ,7533015 
2017-03-15,61800 ,-1200 ,132416 ,8299964600 ,63200 ,64500 ,61000 ,465540 ,7533015 
2017-03-14,63000 ,3000 ,188701 ,11792426500 ,60200 ,64300 ,59900 ,474580 ,7533015 
2017-03-13,60000 ,1500 ,143219 ,8520383800 ,59200 ,60600 ,58000 ,451981 ,7533015 
2017-03-10,58500 ,3800 ,184704 ,10454521300 ,54900 ,58600 ,54500 ,440681 ,7533015 
2017-03-09,54700 ,-200 ,75033 ,4159227900 ,54900 ,56100 ,54500 ,412056 ,7533015 
2017-03-08,54900 ,1500 ,87836 ,4809232800 ,53400 ,55700 ,52800 ,413563 ,7533015 
2017-03-07,53400 ,300 ,80126 ,4271381300 ,53800 ,54300 ,52300 ,402263 ,7533015 
2017-03-06,53100 ,-1200 ,149470 ,7848202100 ,53500 ,54300 ,51000 ,400003 ,7533015 
2017-03-03,54300 ,-1100 ,105038 ,5700077200 ,54600 ,55300 ,53500 ,409043 ,7533015 
2017-03-02,55400 ,-1500 ,116711 ,6503106800 ,57800 ,57800 ,54400 ,417329 ,7533015 
2017-02-28,56900 ,1000 ,212447 ,12239770700 ,56000 ,58900 ,55800 ,428629 ,7533015 
2017-02-27,55900 ,-900 ,86063 ,4839471200 ,56500 ,57300 ,55300 ,421096 ,7533015 
2017-02-24,56800 ,-900 ,150959 ,8611626000 ,58200 ,58500 ,56300 ,427875 ,7533015 
2017-02-23,57700 ,4300 ,549005 ,31637091400 ,54700 ,60100 ,54500 ,434655 ,7533015 
2017-02-22,53400 ,-1100 ,88796 ,4811672400 ,54600 ,55400 ,53300 ,402263 ,7533015 
2017-02-21,54500 ,-300 ,169048 ,9322944700 ,55400 ,56500 ,53500 ,410549 ,7533015 
2017-02-20,54800 ,2900 ,257808 ,14042956900 ,52400 ,56300 ,52100 ,412809 ,7533015 
2017-02-17,51900 ,-700 ,104110 ,5440458400 ,52800 ,53500 ,51400 ,390963 ,7533015 
2017-02-16,52600 ,-100 ,127558 ,6700504100 ,53200 ,53400 ,51400 ,396237 ,7533015 
2017-02-15,52700 ,-2600 ,280957 ,15100888300 ,55300 ,56700 ,52000 ,396990 ,7533015 
2017-02-14,55300 ,-1000 ,152985 ,8511855500 ,56400 ,57200 ,54400 ,416576 ,7533015 
2017-02-13,56300 ,-800 ,191707 ,11066081200 ,57100 ,59400 ,55600 ,424109 ,7533015 
2017-02-10,57100 ,-600 ,269071 ,15426148100 ,58300 ,59100 ,55500 ,430135 ,7533015 
2017-02-09,57700 ,9500 ,441954 ,23439647050 ,49100 ,59300 ,48450 ,434655 ,7533015 
2017-02-08,48200 ,-1100 ,220963 ,10986470050 ,50600 ,52400 ,47550 ,363091 ,7533015 
2017-02-07,49300 ,2800 ,254276 ,12460423950 ,46950 ,50200 ,46400 ,371378 ,7533015 
2017-02-06,46500 ,700 ,89521 ,4155180650 ,46300 ,47000 ,45800 ,350285 ,7533015 
2017-02-03,45800 ,2250 ,177282 ,8051899800 ,44150 ,46500 ,44150 ,345012 ,7533015 
2017-02-02,43550 ,150 ,131117 ,5753097100 ,43500 ,44750 ,43000 ,328063 ,7533015 
2017-02-01,43400 ,4000 ,247442 ,10364340350 ,39150 ,43450 ,39150 ,326933 ,7533015 
2017-01-31,39400 ,1800 ,86927 ,3331820450 ,37500 ,39600 ,37400 ,296801 ,7533015 
2017-01-26,37600 ,-300 ,56332 ,2101139150 ,37550 ,37850 ,36650 ,283241 ,7533015 
2017-01-25,37900 ,-800 ,32236 ,1228532350 ,38700 ,39050 ,37000 ,285501 ,7533015 
2017-01-24,38700 ,-400 ,28713 ,1112949550 ,39100 ,39300 ,38500 ,291528 ,7533015 
2017-01-23,39100 ,-250 ,24992 ,984939350 ,39400 ,39600 ,39100 ,294541 ,7533015 
2017-01-20,39350 ,650 ,49804 ,1956108350 ,38650 ,39700 ,38500 ,296424 ,7533015 
2017-01-19,38700 ,-900 ,79162 ,3074944200 ,39450 ,39850 ,38400 ,291528 ,7533015 
2017-01-18,39600 ,-600 ,28899 ,1148829850 ,40200 ,40300 ,39550 ,298307 ,7533015 
2017-01-17,40200 ,0 ,30595 ,1228258850 ,40200 ,40600 ,39850 ,302827 ,7533015 
2017-01-16,40200 ,-200 ,42467 ,1717723700 ,40650 ,41050 ,39850 ,302827 ,7533015 
2017-01-13,40400 ,700 ,56201 ,2230898900 ,39700 ,40700 ,39100 ,304334 ,7533015 
2017-01-12,39700 ,-600 ,44435 ,1764598900 ,40500 ,40500 ,39350 ,299061 ,7533015 
2017-01-11,40300 ,0 ,42813 ,1737737550 ,40350 ,41200 ,40300 ,303581 ,7533015 
2017-01-10,40300 ,-1350 ,67125 ,2726656400 ,41650 ,41700 ,40150 ,303581 ,7533015 
2017-01-09,41650 ,1650 ,129839 ,5425734700 ,40600 ,42600 ,40500 ,313750 ,7533015 
2017-01-06,40000 ,-500 ,47044 ,1907833300 ,40800 ,41250 ,40000 ,301321 ,7533015 
2017-01-05,40500 ,1300 ,51161 ,2053151700 ,39200 ,40850 ,39200 ,305087 ,7533015 
2017-01-04,39200 ,-1000 ,84618 ,3319345200 ,40200 ,40250 ,38700 ,295294 ,7533015 
2017-01-03,40200 ,-900 ,68654 ,2772844950 ,40950 ,41200 ,40000 ,302827 ,7533015 
2017-01-02,41100 ,550 ,36263 ,1481117250 ,40300 ,41250 ,40300 ,309607 ,7533015 
2016-12-29,40550 ,-550 ,28854 ,1167655200 ,41200 ,41350 ,40150 ,305464 ,7533015 
2016-12-28,41100 ,1000 ,50558 ,2066974750 ,40050 ,41350 ,39800 ,309607 ,7533015 
2016-12-27,40100 ,-850 ,74730 ,3013305800 ,40900 ,40950 ,39900 ,302074 ,7533015 
2016-12-26,40950 ,-1250 ,124542 ,5107997350 ,42200 ,42400 ,40050 ,308477 ,7533015 
2016-12-23,42200 ,-50 ,64624 ,2750055350 ,42500 ,43200 ,42100 ,317893 ,7533015 
2016-12-22,42250 ,-1350 ,112031 ,4781659700 ,43200 ,44200 ,41500 ,318270 ,7533015 
2016-12-21,43600 ,-1450 ,81735 ,3581357500 ,44700 ,44850 ,43200 ,328439 ,7533015 
2016-12-20,45050 ,500 ,140257 ,6384514450 ,45950 ,46400 ,44700 ,339362 ,7533015 
2016-12-19,44550 ,3100 ,215523 ,9382045300 ,42700 ,44550 ,42450 ,335596 ,7533015 
2016-12-16,41450 ,150 ,229109 ,9613636250 ,41450 ,43000 ,41200 ,312243 ,7533015 
2016-12-15,41300 ,-2500 ,209608 ,8758556800 ,43700 ,43700 ,40750 ,311114 ,7533015 
2016-12-14,43800 ,450 ,40053 ,1758317100 ,43750 ,44300 ,43400 ,329946 ,7533015 
2016-12-13,43350 ,-950 ,68710 ,2997238750 ,44350 ,45050 ,43000 ,326556 ,7533015 
2016-12-12,44300 ,-50 ,52730 ,2342884350 ,44350 ,45150 ,43700 ,333713 ,7533015 
2016-12-09,44350 ,1350 ,94042 ,4191148000 ,43500 ,45750 ,43300 ,334089 ,7533015 
2016-12-08,43000 ,-1500 ,74143 ,3235647700 ,44900 ,45300 ,43000 ,323920 ,7533015 
2016-12-07,44500 ,-350 ,65903 ,2913181350 ,45000 ,45650 ,43100 ,335219 ,7533015 
2016-12-06,44850 ,-650 ,51225 ,2338458300 ,46200 ,46800 ,44850 ,337856 ,7533015 
2016-12-05,45500 ,-700 ,71366 ,3236356550 ,45400 ,46550 ,43750 ,342752 ,7533015 
2016-12-02,46200 ,-1900 ,75246 ,3550514300 ,47800 ,48950 ,46200 ,348025 ,7533015 
2016-12-01,48100 ,-2700 ,90794 ,4451451200 ,50700 ,50700 ,48100 ,362338 ,7533015 
2016-11-30,50800 ,400 ,44892 ,2266306200 ,50400 ,51200 ,49650 ,382677 ,7533015 
2016-11-29,50400 ,1200 ,57728 ,2885457150 ,49200 ,50700 ,48500 ,379664 ,7533015 
2016-11-28,49200 ,-750 ,72899 ,3606305850 ,50600 ,51200 ,48250 ,370624 ,7533015 
2016-11-25,49950 ,2150 ,88182 ,4399708700 ,48050 ,51000 ,48050 ,376274 ,7533015 
2016-11-24,47800 ,-3000 ,109902 ,5402919350 ,50300 ,51200 ,47800 ,360078 ,7533015 
2016-11-23,50800 ,-600 ,78534 ,4032410400 ,52100 ,52300 ,50600 ,382677 ,7533015 
2016-11-22,51400 ,3300 ,147984 ,7545619100 ,49900 ,52500 ,49200 ,387197 ,7533015 
2016-11-21,48100 ,-400 ,61555 ,2934957900 ,47700 ,48500 ,46750 ,362338 ,7533015 
2016-11-18,48500 ,-1450 ,57838 ,2829228450 ,50200 ,50300 ,48300 ,365351 ,7533015 
2016-11-17,49950 ,850 ,59111 ,2959020950 ,50100 ,51200 ,49150 ,376274 ,7533015 
2016-11-16,49100 ,-1400 ,88315 ,4461809550 ,51300 ,52400 ,49100 ,369871 ,7533015 
2016-11-15,50500 ,100 ,165641 ,8469889450 ,50000 ,52900 ,49100 ,380417 ,7533015 
2016-11-14,50400 ,-3100 ,140404 ,7228555650 ,54200 ,54200 ,49950 ,379664 ,7533015 
2016-11-11,53500 ,0 ,147781 ,7965982400 ,54200 ,56500 ,52400 ,403016 ,7533015 
2016-11-10,53500 ,4000 ,138250 ,7226197800 ,52000 ,53600 ,51000 ,403016 ,7533015 
2016-11-09,49500 ,-900 ,361249 ,17422156550 ,50800 ,51100 ,46000 ,372884 ,7533015 
2016-11-08,50400 ,3450 ,286076 ,14231710100 ,47050 ,51400 ,47050 ,379664 ,7533015 
2016-11-07,46950 ,2800 ,173204 ,8087589800 ,44600 ,47800 ,44600 ,353675 ,7533015 
2016-11-04,44150 ,1150 ,160688 ,7160365650 ,42700 ,46600 ,42150 ,332583 ,7533015 
2016-11-03,43000 ,1050 ,80898 ,3472473700 ,41200 ,43750 ,41200 ,323920 ,7533015 
2016-11-02,41950 ,-550 ,128382 ,5485737800 ,42400 ,44100 ,41500 ,316010 ,7533015 
2016-11-01,42500 ,4050 ,238886 ,9882513200 ,38150 ,43400 ,38150 ,320153 ,7533015 
2016-10-31,38450 ,-1450 ,196486 ,7447514150 ,39200 ,39450 ,36600 ,289644 ,7533015 
2016-10-28,39900 ,-1200 ,61609 ,2491029850 ,40700 ,41450 ,39700 ,300567 ,7533015 
2016-10-27,41100 ,-950 ,73530 ,3057423300 ,41950 ,42550 ,41050 ,309607 ,7533015 
2016-10-26,42050 ,1900 ,113611 ,4610206450 ,39550 ,42400 ,39200 ,316763 ,7533015 
2016-10-25,40150 ,-1050 ,160849 ,6484536150 ,41500 ,41650 ,39000 ,302451 ,7533015 
2016-10-24,41200 ,-2650 ,121175 ,5086209950 ,43850 ,44450 ,40900 ,310360 ,7533015 
2016-10-21,43850 ,100 ,154209 ,6715905150 ,43750 ,45550 ,41700 ,330323 ,7533015 
2016-10-20,43750 ,-2650 ,111412 ,5021583400 ,46650 ,47300 ,42600 ,329569 ,7533015 
2016-10-19,46400 ,100 ,91378 ,4239079350 ,46300 ,47050 ,45350 ,349532 ,7533015 
2016-10-18,46300 ,1100 ,95063 ,4349996450 ,44600 ,47150 ,44350 ,348779 ,7533015 
2016-10-17,45200 ,-1600 ,145093 ,6670306100 ,47000 ,47450 ,45000 ,340492 ,7533015 
2016-10-14,46800 ,2050 ,234438 ,10713916500 ,45000 ,47100 ,44200 ,352545 ,7533015 
2016-10-13,44750 ,1500 ,210104 ,9350482400 ,42400 ,46200 ,42050 ,337102 ,7533015 
2016-10-12,43250 ,-600 ,80855 ,3535476700 ,44050 ,44550 ,43250 ,325803 ,7533015 
2016-10-11,43850 ,1250 ,200948 ,8678150150 ,43400 ,44700 ,41750 ,330323 ,7533015 
2016-10-10,42600 ,-700 ,315196 ,14143887100 ,43400 ,46500 ,42600 ,320906 ,7533015 
2016-10-07,43300 ,-2850 ,349471 ,15421957750 ,45650 ,46600 ,42550 ,326180 ,7533015 
2016-10-06,46150 ,-2750 ,221183 ,10335015300 ,48000 ,48500 ,45450 ,347649 ,7533015 
2016-10-05,48900 ,150 ,265321 ,12994356500 ,49000 ,51000 ,46500 ,368364 ,7533015 
2016-10-04,48750 ,3650 ,533219 ,25718703950 ,45300 ,50800 ,44500 ,367234 ,7533015 
2016-09-30,45100 ,-650 ,829096 ,38423874900 ,46700 ,49750 ,43650 ,339739 ,7533015 
2016-09-29,45750 ,8600 ,1161831 ,50736790750 ,37400 ,47750 ,37350 ,344635 ,7533015 
2016-09-28,37150 ,-4750 ,457434 ,17902476150 ,43000 ,43050 ,37150 ,279852 ,7533015 
2016-09-27,41900 ,-100 ,240372 ,10154803850 ,40200 ,43650 ,40200 ,315633 ,7533015 
2016-09-26,42000 ,3650 ,393975 ,16234169250 ,40500 ,43200 ,39650 ,316387 ,7533015 
2016-09-23,38350 ,3750 ,432287 ,16209597450 ,35050 ,39850 ,34800 ,288891 ,7533015 
2016-09-22,34600 ,100 ,152079 ,5336602200 ,35000 ,36100 ,34000 ,260642 ,7533015 
2016-09-21,34500 ,2950 ,423273 ,14638176150 ,31450 ,37350 ,31150 ,259889 ,7533015 
2016-09-20,31550 ,-450 ,249514 ,8146873900 ,32450 ,34300 ,30800 ,237667 ,7533015 
2016-09-19,32000 ,2550 ,200558 ,6238677100 ,29650 ,32000 ,29600 ,241056 ,7533015 
2016-09-13,29450 ,1500 ,186697 ,5485454700 ,28100 ,30150 ,27900 ,221847 ,7533015 
2016-09-12,27950 ,-50 ,22959 ,640335150 ,27400 ,28400 ,27350 ,210548 ,7533015 
2016-09-09,28000 ,-300 ,29119 ,818246650 ,28250 ,28450 ,27700 ,210924 ,7533015 
2016-09-08,28300 ,400 ,16318 ,454043600 ,27700 ,28300 ,27400 ,213184 ,7533015 
2016-09-07,27900 ,-450 ,37363 ,1051455850 ,28200 ,28500 ,27700 ,210171 ,7533015 
2016-09-06,28350 ,-50 ,18860 ,532781750 ,28400 ,28500 ,27950 ,213561 ,7533015 
2016-09-05,28400 ,750 ,58454 ,1650373050 ,27700 ,28600 ,27500 ,213938 ,7533015 
2016-09-02,27650 ,850 ,41804 ,1151899800 ,27000 ,28000 ,26650 ,208288 ,7533015 
2016-09-01,26800 ,100 ,14328 ,385433700 ,26450 ,27300 ,26450 ,201885 ,7533015 
2016-08-31,26700 ,-100 ,22415 ,594507500 ,26800 ,26950 ,26350 ,201132 ,7533015 
2016-08-30,26800 ,0 ,17914 ,482999450 ,27000 ,27200 ,26800 ,201885 ,7533015 
2016-08-29,26800 ,-650 ,31867 ,862249200 ,27500 ,27600 ,26650 ,201885 ,7533015 
2016-08-26,27450 ,900 ,39471 ,1070291250 ,26550 ,27500 ,26400 ,206781 ,7533015 
2016-08-25,26550 ,150 ,20574 ,543736900 ,26400 ,26750 ,26000 ,200002 ,7533015 
2016-08-24,26400 ,-400 ,19913 ,527558100 ,26800 ,26900 ,26300 ,198872 ,7533015 
2016-08-23,26800 ,200 ,13313 ,354553650 ,26500 ,26800 ,26500 ,201885 ,7533015 
2016-08-22,26600 ,-400 ,42666 ,1132264850 ,27150 ,27150 ,26300 ,200378 ,7533015 
2016-08-19,27000 ,150 ,28216 ,764666700 ,27100 ,27400 ,26800 ,203391 ,7533015 
2016-08-18,26850 ,-1450 ,82259 ,2244391500 ,28200 ,28300 ,26750 ,202261 ,7533015 
2016-08-17,28300 ,-300 ,75627 ,2158110000 ,28650 ,29050 ,28150 ,213184 ,7533015 
2016-08-16,28600 ,900 ,89865 ,2537359400 ,27850 ,28700 ,27700 ,215444 ,7533015 
2016-08-12,27700 ,150 ,50432 ,1400722600 ,27550 ,28100 ,27550 ,208665 ,7533015 
2016-08-11,27550 ,0 ,35892 ,987930550 ,27550 ,27800 ,27200 ,207535 ,7533015 
2016-08-10,27550 ,200 ,39162 ,1074102550 ,27350 ,27750 ,27000 ,207535 ,7533015 
2016-08-09,27350 ,0 ,26006 ,710194200 ,27600 ,27600 ,27050 ,206028 ,7533015 
2016-08-08,27350 ,350 ,64827 ,1766422300 ,27050 ,27800 ,26700 ,206028 ,7533015 
2016-08-05,27000 ,900 ,69314 ,1865087750 ,26300 ,27300 ,26200 ,203391 ,7533015 
2016-08-04,26100 ,0 ,14335 ,373007000 ,25900 ,26350 ,25850 ,196612 ,7533015 
2016-08-03,26100 ,-350 ,37684 ,981489300 ,26400 ,26650 ,25500 ,196612 ,7533015 
2016-08-02,26450 ,100 ,30411 ,805652500 ,26750 ,26750 ,26250 ,199248 ,7533015 
2016-08-01,26350 ,1000 ,54040 ,1413060550 ,25600 ,26600 ,25400 ,198495 ,7533015 
2016-07-29,25350 ,-300 ,11008 ,279226200 ,25600 ,25600 ,25250 ,190962 ,7533015 
2016-07-28,25650 ,50 ,10972 ,280816000 ,25600 ,25850 ,25300 ,193222 ,7533015 
2016-07-27,25600 ,400 ,10829 ,274468550 ,25250 ,25600 ,25100 ,192845 ,7533015 
2016-07-26,25200 ,50 ,10743 ,269435650 ,25000 ,25250 ,24950 ,189832 ,7533015 
2016-07-25,25150 ,-500 ,16638 ,419688200 ,25600 ,25600 ,25050 ,189455 ,7533015 
2016-07-22,25650 ,800 ,50733 ,1307080200 ,26000 ,26150 ,25350 ,193222 ,7533015 
2016-07-21,24850 ,-200 ,26863 ,669776950 ,25150 ,25200 ,24700 ,187195 ,7533015 
2016-07-20,25050 ,-600 ,30047 ,755364050 ,25700 ,25700 ,24950 ,188702 ,7533015 
2016-07-19,25650 ,-200 ,12943 ,332365250 ,25850 ,26100 ,25550 ,193222 ,7533015 
2016-07-18,25850 ,0 ,16793 ,432326450 ,25950 ,26000 ,25600 ,194728 ,7533015 
2016-07-15,25850 ,0 ,13410 ,345876850 ,25950 ,26050 ,25600 ,194728 ,7533015 
2016-07-14,25850 ,100 ,17371 ,449698200 ,25850 ,26200 ,25700 ,194728 ,7533015 
2016-07-13,25750 ,-850 ,53699 ,1394770200 ,26500 ,26800 ,25700 ,193975 ,7533015 
2016-07-12,26600 ,-200 ,26256 ,698085000 ,26400 ,26850 ,26400 ,200378 ,7533015 
2016-07-11,26800 ,450 ,49349 ,1330163350 ,26700 ,27550 ,26550 ,201885 ,7533015 
2016-07-08,26350 ,500 ,204491 ,5583941450 ,27850 ,28250 ,26350 ,198495 ,7533015 
2016-07-07,25850 ,100 ,14626 ,376960300 ,25700 ,26150 ,25500 ,194728 ,7533015 
2016-07-06,25750 ,-350 ,36268 ,933847150 ,25900 ,26350 ,25250 ,193975 ,7533015 
2016-07-05,26100 ,-100 ,41040 ,1080112700 ,26000 ,26600 ,25700 ,196612 ,7533015 
2016-07-04,26200 ,650 ,57535 ,1497648650 ,25700 ,26350 ,25550 ,197365 ,7533015 
2016-07-01,25550 ,1100 ,59569 ,1506564600 ,24800 ,25700 ,24550 ,192469 ,7533015 
2016-06-30,24450 ,100 ,24586 ,601781950 ,24500 ,24700 ,24350 ,184182 ,7533015 
2016-06-29,24350 ,150 ,29900 ,731842650 ,24550 ,24800 ,24250 ,183429 ,7533015 
2016-06-28,24200 ,250 ,32325 ,781692050 ,23750 ,24500 ,23700 ,182299 ,7533015 
2016-06-27,23950 ,-50 ,29961 ,711385600 ,23400 ,24200 ,23350 ,180416 ,7533015 
2016-06-24,24000 ,-1100 ,88593 ,2141060450 ,25250 ,25450 ,23450 ,180792 ,7533015 
2016-06-23,25100 ,-650 ,33532 ,845626500 ,25900 ,25900 ,24950 ,189079 ,7533015 
2016-06-22,25750 ,-350 ,20814 ,538656100 ,26100 ,26100 ,25650 ,193975 ,7533015 
2016-06-21,26100 ,50 ,29121 ,754176550 ,26100 ,26400 ,25600 ,196612 ,7533015 
2016-06-20,26050 ,100 ,44014 ,1145886800 ,26050 ,26500 ,25750 ,196235 ,7533015 
2016-06-17,25950 ,950 ,78052 ,2014329350 ,25000 ,26300 ,24950 ,195482 ,7533015 
2016-06-16,25000 ,-150 ,34303 ,863281250 ,25250 ,25650 ,24800 ,188325 ,7533015 
2016-06-15,25150 ,450 ,56047 ,1402537800 ,24650 ,25450 ,24400 ,189455 ,7533015 
2016-06-14,24700 ,50 ,57130 ,1402385750 ,24550 ,25000 ,24250 ,186065 ,7533015 
2016-06-13,24650 ,700 ,393111 ,10306595400 ,25900 ,27850 ,24650 ,185689 ,7533015 
2016-06-10,23950 ,100 ,9285 ,221973700 ,24100 ,24100 ,23850 ,180416 ,7533015 
2016-06-09,23850 ,-50 ,12383 ,296995050 ,24000 ,24150 ,23850 ,179662 ,7533015 
2016-06-08,23900 ,-400 ,23258 ,556487800 ,24300 ,24300 ,23600 ,180039 ,7533015 
2016-06-07,24300 ,400 ,30131 ,731720750 ,24050 ,24600 ,23900 ,183052 ,7533015 
2016-06-03,23900 ,0 ,12412 ,294895150 ,24050 ,24050 ,23650 ,180039 ,7533015 
2016-06-02,23900 ,150 ,23468 ,557668200 ,23750 ,24050 ,23600 ,180039 ,7533015 
2016-06-01,23750 ,50 ,21202 ,502529750 ,23650 ,23950 ,23600 ,178909 ,7533015 
2016-05-31,23700 ,50 ,10361 ,246763300 ,23700 ,24000 ,23600 ,178532 ,7533015 
2016-05-30,23650 ,-350 ,27242 ,644678550 ,24050 ,24050 ,23500 ,178156 ,7533015 
2016-05-27,24000 ,200 ,15359 ,368503700 ,23850 ,24200 ,23800 ,180792 ,7533015 
2016-05-26,23800 ,50 ,16805 ,398663250 ,23650 ,23900 ,23550 ,179286 ,7533015 
2016-05-25,23750 ,50 ,21300 ,504211950 ,23750 ,23850 ,23500 ,178909 ,7533015 
2016-05-24,23700 ,-300 ,27460 ,652192400 ,24000 ,24150 ,23600 ,178532 ,7533015 
2016-05-23,24000 ,0 ,48401 ,1157783300 ,24200 ,24500 ,23700 ,180792 ,7533015 
2016-05-20,24000 ,-300 ,21780 ,525384950 ,24300 ,24450 ,23900 ,180792 ,7533015 
2016-05-19,24300 ,-300 ,25971 ,631578300 ,24550 ,24650 ,24150 ,183052 ,7533015 
2016-05-18,24600 ,-250 ,18778 ,464363000 ,25000 ,25100 ,24550 ,185312 ,7533015 
2016-05-17,24850 ,-100 ,40283 ,999608850 ,25000 ,25300 ,24400 ,187195 ,7533015 
2016-05-16,24950 ,-450 ,34823 ,879828200 ,25550 ,25750 ,24900 ,187949 ,7533015 
2016-05-13,25400 ,700 ,27793 ,699863950 ,25000 ,25450 ,24800 ,191339 ,7533015 
2016-05-12,24700 ,-450 ,61908 ,1554409200 ,25150 ,25700 ,24700 ,186065 ,7533015 
2016-05-11,25150 ,1400 ,70897 ,1739806200 ,24000 ,25150 ,23700 ,189455 ,7533015 
2016-05-10,23750 ,100 ,9909 ,236203550 ,23800 ,23950 ,23700 ,178909 ,7533015 
2016-05-09,23650 ,-100 ,12621 ,299732350 ,23850 ,24050 ,23600 ,178156 ,7533015 
2016-05-04,23750 ,-350 ,9696 ,230976850 ,23950 ,24150 ,23650 ,178909 ,7533015 
2016-05-03,24100 ,500 ,13620 ,324295700 ,23600 ,24100 ,23600 ,181546 ,7533015 
2016-05-02,23600 ,-150 ,12998 ,308932850 ,23900 ,24000 ,23550 ,177779 ,7533015 
2016-04-29,23750 ,-500 ,17030 ,405096100 ,24150 ,24200 ,23500 ,178909 ,7533015 
2016-04-28,24250 ,200 ,11042 ,266921650 ,24150 ,24250 ,24000 ,182676 ,7533015 
2016-04-27,24050 ,-200 ,11313 ,272810750 ,24300 ,24300 ,23900 ,181169 ,7533015 
2016-04-26,24250 ,350 ,13162 ,318606550 ,24100 ,24300 ,23950 ,182676 ,7533015 
2016-04-25,23900 ,-200 ,11273 ,269218700 ,24000 ,24100 ,23800 ,180039 ,7533015 
2016-04-22,24100 ,150 ,6893 ,165952600 ,23750 ,24200 ,23750 ,181546 ,7533015 
2016-04-21,23950 ,150 ,11704 ,279211900 ,23950 ,24000 ,23700 ,180416 ,7533015 
2016-04-20,23800 ,100 ,16202 ,387238300 ,23800 ,24100 ,23700 ,179286 ,7533015 
2016-04-19,23700 ,150 ,10655 ,251705200 ,23700 ,23700 ,23550 ,178532 ,7533015 
2016-04-18,23550 ,-200 ,22212 ,524778000 ,23800 ,23850 ,23450 ,177403 ,7533015 
2016-04-15,23750 ,-100 ,13280 ,316018150 ,23900 ,24050 ,23700 ,178909 ,7533015 
2016-04-14,23850 ,-250 ,24815 ,593233100 ,24100 ,24350 ,23800 ,179662 ,7533015 
2016-04-12,24100 ,-50 ,10150 ,243291950 ,24200 ,24200 ,23900 ,181546 ,7533015 
2016-04-11,24150 ,-100 ,8013 ,193037550 ,24300 ,24400 ,24000 ,181922 ,7533015 
2016-04-08,24250 ,150 ,8746 ,209883400 ,24100 ,24350 ,23850 ,182676 ,7533015 
2016-04-07,24100 ,-50 ,9383 ,225648450 ,24400 ,24400 ,23900 ,181546 ,7533015 
2016-04-06,24150 ,-150 ,8938 ,216341950 ,24450 ,24500 ,24100 ,181922 ,7533015 
2016-04-05,24300 ,-200 ,8073 ,196143900 ,24500 ,24500 ,24150 ,183052 ,7533015 
2016-04-04,24500 ,250 ,12100 ,294653650 ,24250 ,24500 ,24100 ,184559 ,7533015 
2016-04-01,24250 ,200 ,9435 ,228585850 ,24000 ,24450 ,24000 ,182676 ,7533015 
2016-03-31,24050 ,200 ,12497 ,299222250 ,23850 ,24050 ,23650 ,181169 ,7533015 
2016-03-30,23850 ,50 ,19329 ,458542950 ,23650 ,23950 ,23500 ,179662 ,7533015 
2016-03-29,23800 ,-100 ,18599 ,440485150 ,23900 ,24050 ,23400 ,179286 ,7533015 
2016-03-28,23900 ,-150 ,24046 ,569105000 ,24050 ,24050 ,23450 ,180039 ,7533015 
2016-03-25,24050 ,-350 ,6601 ,159290000 ,24450 ,24450 ,24000 ,181169 ,7533015 
2016-03-24,24400 ,-200 ,16553 ,404837950 ,24400 ,24650 ,24200 ,183806 ,7533015 
2016-03-23,24600 ,-50 ,8950 ,220210550 ,24600 ,24750 ,24500 ,185312 ,7533015 
2016-03-22,24650 ,50 ,10991 ,269749600 ,24600 ,24700 ,24400 ,185689 ,7533015 
2016-03-21,24600 ,50 ,7218 ,177455750 ,24500 ,24750 ,24400 ,185312 ,7533015 
2016-03-18,24550 ,100 ,12874 ,316262650 ,24550 ,24800 ,24300 ,184936 ,7533015 
2016-03-17,24450 ,-300 ,12970 ,318048250 ,24650 ,24850 ,24300 ,184182 ,7533015 
2016-03-16,24750 ,50 ,10644 ,262443200 ,24800 ,24850 ,24450 ,186442 ,7533015 
2016-03-15,24700 ,50 ,7291 ,179660200 ,24600 ,24900 ,24400 ,186065 ,7533015 
2016-03-14,24650 ,-300 ,15098 ,372755000 ,24850 ,25050 ,24450 ,185689 ,7533015 
2016-03-11,24950 ,0 ,8766 ,218448250 ,25150 ,25150 ,24650 ,187949 ,7533015 
2016-03-10,24950 ,500 ,39016 ,965447950 ,24550 ,25250 ,24250 ,187949 ,7533015 
2016-03-09,24450 ,50 ,11210 ,273203150 ,24150 ,24550 ,24100 ,184182 ,7533015 
2016-03-08,24400 ,50 ,13395 ,323571000 ,24200 ,24550 ,23950 ,183806 ,7533015 
2016-03-07,24350 ,-50 ,12721 ,308620750 ,24150 ,24450 ,24150 ,183429 ,7533015 
2016-03-04,24400 ,400 ,16128 ,392068900 ,24100 ,24600 ,23950 ,183806 ,7533015 
2016-03-03,24000 ,100 ,15203 ,363847700 ,23800 ,24200 ,23500 ,180792 ,7533015 
2016-03-02,23900 ,200 ,15632 ,370818150 ,23600 ,23950 ,23500 ,180039 ,7533015 
2016-02-29,23700 ,500 ,14597 ,343237000 ,23300 ,23700 ,23250 ,178532 ,7533015 
2016-02-26,23200 ,-150 ,11615 ,270234200 ,23150 ,23450 ,23150 ,174766 ,7533015 
2016-02-25,23350 ,-50 ,10996 ,256586600 ,23200 ,23550 ,23100 ,175896 ,7533015 
2016-02-24,23400 ,350 ,28126 ,651025250 ,23050 ,23400 ,23000 ,176273 ,7533015 
2016-02-23,23050 ,-800 ,21791 ,508869550 ,24000 ,24000 ,23050 ,173636 ,7533015 
2016-02-22,23850 ,50 ,10760 ,257779400 ,24000 ,24200 ,23800 ,179662 ,7533015 
2016-02-19,23800 ,50 ,23998 ,575701400 ,23900 ,24300 ,23750 ,179286 ,7533015 
2016-02-18,23750 ,750 ,25496 ,604830400 ,23100 ,24100 ,23100 ,178909 ,7533015 
2016-02-17,23000 ,-150 ,34023 ,785270450 ,23150 ,23400 ,22900 ,173259 ,7533015 
2016-02-16,23150 ,300 ,23746 ,549749500 ,23050 ,23300 ,22900 ,174389 ,7533015 
2016-02-15,22850 ,50 ,30413 ,695258150 ,23200 ,23200 ,22500 ,172129 ,7533015 
2016-02-12,22800 ,-800 ,90983 ,2047281400 ,23250 ,23500 ,21650 ,171753 ,7533015 
2016-02-11,23600 ,-1650 ,65795 ,1581476200 ,24350 ,24700 ,23600 ,177779 ,7533015 
2016-02-05,25250 ,-650 ,23224 ,591780350 ,25750 ,26050 ,25200 ,190209 ,7533015 
2016-02-04,25900 ,-400 ,19218 ,500454150 ,26550 ,26700 ,25800 ,195105 ,7533015 
2016-02-03,26300 ,0 ,21951 ,572812200 ,26250 ,26350 ,25850 ,198118 ,7533015 
2016-02-02,26300 ,1100 ,65596 ,1714006850 ,25300 ,26900 ,24950 ,198118 ,7533015 
2016-02-01,25200 ,650 ,35996 ,904926350 ,24800 ,25500 ,24700 ,189832 ,7533015 
2016-01-29,24550 ,-250 ,28827 ,709683200 ,24800 ,25050 ,24150 ,184936 ,7533015 
2016-01-28,24800 ,400 ,62019 ,1577200450 ,24300 ,26000 ,24300 ,186819 ,7533015 
2016-01-27,24400 ,-450 ,45232 ,1107903000 ,25000 ,25050 ,24100 ,183806 ,7533015 
2016-01-26,24850 ,-350 ,20698 ,518385050 ,25200 ,25400 ,24800 ,187195 ,7533015 
2016-01-25,25200 ,150 ,28392 ,717681950 ,25550 ,25800 ,24950 ,189832 ,7533015 
2016-01-22,25050 ,-500 ,23864 ,600510200 ,25850 ,25950 ,24850 ,188702 ,7533015 
2016-01-21,25550 ,150 ,38636 ,998298350 ,25600 ,26350 ,25400 ,192469 ,7533015 
2016-01-20,25400 ,-1600 ,57501 ,1482956850 ,27000 ,27150 ,24600 ,191339 ,7533015 
2016-01-19,27000 ,1100 ,36744 ,978245400 ,26000 ,27100 ,25750 ,203391 ,7533015 
2016-01-18,25900 ,-400 ,43058 ,1116890550 ,25900 ,26450 ,25400 ,195105 ,7533015 
2016-01-15,26300 ,150 ,25903 ,684247450 ,26500 ,26850 ,26050 ,198118 ,7533015 
2016-01-14,26150 ,-700 ,45291 ,1188398750 ,26850 ,26850 ,25900 ,196988 ,7533015 
2016-01-13,26850 ,-400 ,28112 ,758822250 ,27750 ,27750 ,26650 ,202261 ,7533015 
2016-01-12,27250 ,-300 ,46428 ,1284189650 ,27900 ,28500 ,27250 ,205275 ,7533015 
2016-01-11,27550 ,850 ,116063 ,3209005350 ,26950 ,28400 ,26550 ,207535 ,7533015 
2016-01-08,26700 ,200 ,59984 ,1569364400 ,26200 ,26850 ,25300 ,201132 ,7533015 
2016-01-07,26500 ,-500 ,49481 ,1331165250 ,26450 ,27700 ,26400 ,199625 ,7533015 
2016-01-06,27000 ,-600 ,61963 ,1680922550 ,27550 ,28350 ,26500 ,203391 ,7533015 
2016-01-05,27600 ,1050 ,76878 ,2104985350 ,26550 ,28550 ,26150 ,207911 ,7533015 
2016-01-04,26550 ,-1050 ,75146 ,2034996650 ,27600 ,27650 ,26550 ,200002 ,7533015 
2015-12-30,27600 ,900 ,96496 ,2619637350 ,27000 ,27700 ,26300 ,207911 ,7533015 
2015-12-29,26700 ,500 ,118217 ,3119863750 ,26200 ,27100 ,25550 ,201132 ,7533015 
2015-12-28,26200 ,2300 ,308610 ,7979158350 ,24200 ,27300 ,24200 ,197365 ,7533015 
2015-12-24,23900 ,900 ,46612 ,1093833950 ,23100 ,23900 ,22700 ,180039 ,7533015 
2015-12-23,23000 ,-50 ,14881 ,342399800 ,23000 ,23250 ,22750 ,173259 ,7533015 
2015-12-22,23050 ,-100 ,18783 ,432200200 ,23200 ,23250 ,22900 ,173636 ,7533015 
2015-12-21,23150 ,50 ,17415 ,401400450 ,23100 ,23150 ,22900 ,174389 ,7533015 
2015-12-18,23100 ,250 ,25452 ,583289600 ,22850 ,23150 ,22550 ,174013 ,7533015 
2015-12-17,22850 ,500 ,20129 ,456133800 ,22350 ,22900 ,22350 ,172129 ,7533015 
2015-12-16,22350 ,200 ,9369 ,208731450 ,22150 ,22400 ,22100 ,168363 ,7533015 
2015-12-15,22150 ,-100 ,14204 ,315074200 ,22400 ,22450 ,22050 ,166856 ,7533015 
2015-12-14,22250 ,-150 ,12429 ,276211750 ,22400 ,22400 ,22150 ,167610 ,7533015 
2015-12-11,22400 ,50 ,18160 ,406804400 ,22350 ,22650 ,22200 ,168740 ,7533015 
2015-12-10,22350 ,50 ,17551 ,389863500 ,22250 ,22400 ,22150 ,168363 ,7533015 
2015-12-09,22300 ,100 ,5978 ,133325900 ,22400 ,22450 ,22200 ,167986 ,7533015 
2015-12-08,22200 ,-400 ,12634 ,281848850 ,22650 ,22700 ,22150 ,167233 ,7533015 
2015-12-07,22600 ,200 ,10068 ,226264450 ,22550 ,22650 ,22350 ,170246 ,7533015 
2015-12-04,22400 ,-300 ,13886 ,311730250 ,22600 ,22800 ,22350 ,168740 ,7533015 
2015-12-03,22700 ,-150 ,6329 ,144197500 ,22750 ,22950 ,22700 ,170999 ,7533015 
2015-12-02,22850 ,-150 ,13792 ,315340900 ,23100 ,23100 ,22750 ,172129 ,7533015 
2015-12-01,23000 ,-150 ,14914 ,342708150 ,23350 ,23350 ,22850 ,173259 ,7533015 
2015-11-30,23150 ,-100 ,14762 ,340429250 ,23300 ,23300 ,22900 ,174389 ,7533015 
2015-11-27,23250 ,300 ,29845 ,691684150 ,23200 ,23300 ,22950 ,175143 ,7533015 
2015-11-26,22950 ,200 ,21549 ,494193150 ,22800 ,23100 ,22650 ,172883 ,7533015 
2015-11-25,22750 ,0 ,7408 ,167739550 ,22650 ,22750 ,22550 ,171376 ,7533015 
2015-11-24,22750 ,-50 ,12619 ,287203150 ,22850 ,22900 ,22600 ,171376 ,7533015 
2015-11-23,22800 ,550 ,33866 ,761986900 ,22100 ,22900 ,22100 ,171753 ,7533015 
2015-11-20,22250 ,-100 ,11903 ,265096250 ,22200 ,22400 ,22100 ,167610 ,7533015 
2015-11-19,22350 ,150 ,7501 ,167460050 ,22300 ,22500 ,22200 ,168363 ,7533015 
2015-11-18,22200 ,-200 ,11659 ,259432750 ,22450 ,22500 ,22100 ,167233 ,7533015 
2015-11-17,22400 ,500 ,18442 ,409340500 ,22000 ,22400 ,22000 ,168740 ,7533015 
2015-11-16,21900 ,-400 ,31221 ,685199250 ,22200 ,22200 ,21850 ,164973 ,7533015 
2015-11-13,22300 ,-150 ,12580 ,278298750 ,22300 ,22400 ,22000 ,167986 ,7533015 
2015-11-12,22450 ,50 ,9729 ,217183450 ,22150 ,22500 ,22150 ,169116 ,7533015 
2015-11-11,22400 ,250 ,9505 ,211342350 ,22050 ,22450 ,22000 ,168740 ,7533015 
2015-11-10,22150 ,-250 ,39973 ,884732900 ,22300 ,22600 ,22000 ,166856 ,7533015 
2015-11-09,22400 ,-500 ,54119 ,1216773650 ,22850 ,22950 ,22100 ,168740 ,7533015 
2015-11-06,22900 ,-150 ,25934 ,596523250 ,23100 ,23200 ,22850 ,172506 ,7533015 
2015-11-05,23050 ,100 ,44693 ,1035503700 ,23000 ,23400 ,22950 ,173636 ,7533015 
2015-11-04,22950 ,-50 ,14006 ,321827500 ,23000 ,23100 ,22900 ,172883 ,7533015 
2015-11-03,23000 ,100 ,16524 ,379307650 ,22900 ,23250 ,22800 ,173259 ,7533015 
2015-11-02,22900 ,-50 ,18358 ,419267800 ,22800 ,23000 ,22750 ,172506 ,7533015 
2015-10-30,22950 ,-100 ,18898 ,434476550 ,23000 ,23150 ,22900 ,172883 ,7533015 
2015-10-29,23050 ,50 ,45315 ,1048407550 ,23350 ,23600 ,22900 ,173636 ,7533015 
2015-10-28,23000 ,-50 ,29159 ,671238550 ,23150 ,23200 ,22900 ,173259 ,7533015 
2015-10-27,23050 ,-50 ,21425 ,491887250 ,23150 ,23150 ,22850 ,173636 ,7533015 
2015-10-26,23100 ,-350 ,22904 ,530697700 ,23350 ,23400 ,23000 ,174013 ,7533015 
2015-10-23,23450 ,-250 ,31881 ,749302100 ,23850 ,23850 ,23250 ,176649 ,7533015 
2015-10-22,23700 ,-200 ,26206 ,624120300 ,23900 ,24100 ,23600 ,178532 ,7533015 
2015-10-21,23900 ,400 ,23943 ,570031100 ,23550 ,23950 ,23450 ,180039 ,7533015 
2015-10-20,23500 ,50 ,16457 ,385498800 ,23650 ,23650 ,23300 ,177026 ,7533015 
2015-10-19,23450 ,-50 ,11291 ,264874800 ,23600 ,23600 ,23300 ,176649 ,7533015 
2015-10-16,23500 ,250 ,20989 ,491807750 ,23300 ,23550 ,23250 ,177026 ,7533015 
2015-10-15,23250 ,250 ,14947 ,345341400 ,23000 ,23250 ,22850 ,175143 ,7533015 
2015-10-14,23000 ,-500 ,24083 ,556443450 ,23500 ,23600 ,22850 ,173259 ,7533015 
2015-10-13,23500 ,-100 ,19671 ,461835100 ,23600 ,23850 ,23300 ,177026 ,7533015 
2015-10-12,23600 ,-250 ,29244 ,697193600 ,23900 ,24200 ,23500 ,177779 ,7533015 
2015-10-08,23850 ,-50 ,19045 ,454421300 ,23900 ,24050 ,23700 ,179662 ,7533015 
2015-10-07,23900 ,100 ,20609 ,490291400 ,23800 ,24050 ,23550 ,180039 ,7533015 
2015-10-06,23800 ,350 ,35641 ,847498150 ,23500 ,24150 ,23500 ,179286 ,7533015 
2015-10-05,23450 ,0 ,12785 ,300015800 ,23400 ,23700 ,23050 ,176649 ,7533015 
2015-10-02,23450 ,-50 ,12486 ,294004950 ,23600 ,23700 ,23350 ,176649 ,7533015 
2015-10-01,23500 ,500 ,44745 ,1048656100 ,23000 ,23800 ,22950 ,177026 ,7533015 
2015-09-30,23000 ,100 ,16337 ,373044200 ,22650 ,23150 ,22600 ,173259 ,7533015 
2015-09-25,22900 ,250 ,11161 ,253527850 ,22750 ,23000 ,22500 ,172506 ,7533015 
2015-09-24,22650 ,0 ,15443 ,349758150 ,22800 ,22850 ,22500 ,170623 ,7533015 
2015-09-23,22650 ,-450 ,17828 ,405335600 ,22900 ,23050 ,22600 ,170623 ,7533015 
2015-09-22,23100 ,150 ,26727 ,613059000 ,23000 ,23350 ,22700 ,174013 ,7533015 
2015-09-21,22950 ,-600 ,24953 ,573068150 ,23100 ,23300 ,22900 ,172883 ,7533015 
2015-09-18,23550 ,600 ,39216 ,917412500 ,23050 ,23850 ,22850 ,177403 ,7533015 
2015-09-17,22950 ,-250 ,21756 ,500383550 ,23500 ,23500 ,22800 ,172883 ,7533015 
2015-09-16,23200 ,250 ,25247 ,583863350 ,22950 ,23350 ,22850 ,174766 ,7533015 
2015-09-15,22950 ,200 ,15041 ,340513950 ,22550 ,22950 ,22450 ,172883 ,7533015 
2015-09-14,22750 ,-150 ,12950 ,293763200 ,22900 ,23050 ,22500 ,171376 ,7533015 
2015-09-11,22900 ,50 ,24128 ,553834650 ,22750 ,23350 ,22550 ,172506 ,7533015 
2015-09-10,22850 ,400 ,27952 ,631425500 ,22300 ,22900 ,22100 ,172129 ,7533015 
2015-09-09,22450 ,700 ,24079 ,537750100 ,22150 ,22600 ,22100 ,169116 ,7533015 
2015-09-08,21750 ,-550 ,60407 ,1328457700 ,22400 ,22450 ,21750 ,163843 ,7533015 
2015-09-07,22300 ,-300 ,44719 ,996886300 ,22600 ,22700 ,22100 ,167986 ,7533015 
2015-09-04,22600 ,-350 ,40022 ,901482000 ,22950 ,23000 ,22250 ,170246 ,7533015 
2015-09-03,22950 ,-50 ,32496 ,751928050 ,23250 ,23550 ,22650 ,172883 ,7533015 
2015-09-02,23000 ,100 ,36575 ,831959050 ,22500 ,23050 ,22450 ,173259 ,7533015 
2015-09-01,22900 ,-300 ,40119 ,926196100 ,23100 ,23400 ,22800 ,172506 ,7533015 
2015-08-31,23200 ,-700 ,56845 ,1325467800 ,23600 ,23900 ,23050 ,174766 ,7533015 
2015-08-28,23900 ,800 ,57739 ,1362332050 ,23300 ,23950 ,23250 ,180039 ,7533015 
2015-08-27,23100 ,100 ,77534 ,1804094950 ,23250 ,23600 ,22900 ,174013 ,7533015 
2015-08-26,23000 ,150 ,112095 ,2574441150 ,22700 ,23450 ,22550 ,173259 ,7533015 
2015-08-25,22850 ,1050 ,63096 ,1420154250 ,22500 ,22900 ,21850 ,172129 ,7533015 
2015-08-24,21800 ,-200 ,108308 ,2403893350 ,21800 ,22900 ,21750 ,164220 ,7533015 
2015-08-21,22000 ,-1000 ,132646 ,2936902350 ,22000 ,22550 ,21700 ,165726 ,7533015 
2015-08-20,23000 ,-1200 ,127283 ,3000344850 ,23900 ,24450 ,22800 ,173259 ,7533015 
2015-08-19,24200 ,-400 ,164893 ,4039579350 ,24950 ,25200 ,23900 ,182299 ,7533015 
2015-08-18,24600 ,-1000 ,168746 ,4207977500 ,25450 ,26100 ,24250 ,185312 ,7533015 
2015-08-17,25600 ,-1550 ,238991 ,6161010250 ,26000 ,26500 ,25300 ,192845 ,7533015 
2015-08-13,27150 ,-250 ,187596 ,5077805400 ,27100 ,27650 ,26500 ,204521 ,7533015 
2015-08-12,27400 ,-1350 ,348172 ,9581829850 ,28850 ,29250 ,26450 ,206405 ,7533015 
2015-08-11,28750 ,-1550 ,281499 ,8390380850 ,30500 ,30750 ,28750 ,216574 ,7533015 
2015-08-10,30300 ,1250 ,788226 ,24082895150 ,29250 ,32400 ,28450 ,228250 ,7533015 
2015-08-07,29050 ,4400 ,913786 ,25750468800 ,24400 ,30000 ,24350 ,218834 ,7533015 
2015-08-06,24650 ,-700 ,58135 ,1451421700 ,25550 ,25800 ,24500 ,185689 ,7533015 
2015-08-05,25350 ,1450 ,144836 ,3625689950 ,23900 ,25800 ,23900 ,190962 ,7533015 
2015-08-04,23900 ,900 ,62548 ,1481049600 ,23050 ,24200 ,22800 ,180039 ,7533015 
2015-08-03,23000 ,900 ,36913 ,844840150 ,22350 ,23050 ,22300 ,173259 ,7533015 
2015-07-31,22100 ,-50 ,30086 ,665912050 ,22150 ,22700 ,21950 ,166480 ,7533015 
2015-07-30,22150 ,-500 ,14665 ,327304850 ,22600 ,22850 ,22150 ,166856 ,7533015 
2015-07-29,22650 ,400 ,27136 ,618549550 ,22550 ,23200 ,22350 ,170623 ,7533015 
2015-07-28,22250 ,-100 ,13452 ,296650900 ,22350 ,22450 ,21850 ,167610 ,7533015 
2015-07-27,22350 ,-150 ,25270 ,562441050 ,22300 ,22800 ,22050 ,168363 ,7533015 
2015-07-24,22500 ,-900 ,42255 ,958081800 ,23250 ,23400 ,22300 ,169493 ,7533015 
2015-07-23,23400 ,200 ,27655 ,646167350 ,23600 ,23700 ,23000 ,176273 ,7533015 
2015-07-22,23200 ,300 ,52274 ,1211850600 ,23000 ,23850 ,22650 ,174766 ,7533015 
2015-07-21,22900 ,-1300 ,86330 ,2003596100 ,24450 ,24600 ,22500 ,172506 ,7533015 
2015-07-20,24200 ,-200 ,27036 ,649133850 ,24400 ,24450 ,23650 ,182299 ,7533015 
2015-07-17,24400 ,-650 ,45854 ,1123053800 ,25050 ,25200 ,23950 ,183806 ,7533015 
2015-07-16,25050 ,1050 ,61245 ,1514240900 ,24000 ,25300 ,23550 ,188702 ,7533015 
2015-07-15,24000 ,200 ,28986 ,694399000 ,23600 ,24350 ,23500 ,180792 ,7533015 
2015-07-14,23800 ,-650 ,27724 ,662241200 ,24150 ,24450 ,23600 ,179286 ,7533015 
2015-07-13,24450 ,-50 ,29307 ,714218500 ,24600 ,24650 ,23900 ,184182 ,7533015 
2015-07-10,24500 ,3200 ,192090 ,4586776050 ,21650 ,24750 ,21650 ,184559 ,7533015 
2015-07-09,21300 ,-650 ,40455 ,869893950 ,21950 ,21950 ,21200 ,160453 ,7533015 
2015-07-08,21950 ,-300 ,21362 ,472767100 ,22450 ,22500 ,21950 ,165350 ,7533015 
2015-07-07,22250 ,50 ,23238 ,520843000 ,22450 ,22850 ,22150 ,167610 ,7533015 
2015-07-06,22200 ,-400 ,35938 ,800662600 ,22500 ,22850 ,22000 ,167233 ,7533015 
2015-07-03,22600 ,-300 ,25355 ,571894750 ,22900 ,22900 ,22350 ,170246 ,7533015 
2015-07-02,22900 ,350 ,27866 ,638334150 ,22550 ,23400 ,22550 ,172506 ,7533015 
2015-07-01,22550 ,200 ,28563 ,639336100 ,22400 ,22700 ,22150 ,169869 ,7533015 
2015-06-30,22350 ,250 ,18530 ,410086450 ,21900 ,22400 ,21800 ,168363 ,7533015 
2015-06-29,22100 ,-800 ,39736 ,887296500 ,22500 ,22650 ,22100 ,166480 ,7533015 
2015-06-26,22900 ,-650 ,37616 ,866220550 ,23450 ,23450 ,22850 ,172506 ,7533015 
2015-06-25,23550 ,-250 ,26864 ,635218150 ,23800 ,24000 ,23400 ,177403 ,7533015 
2015-06-24,23800 ,-250 ,19577 ,469803400 ,24050 ,24300 ,23800 ,179286 ,7533015 
2015-06-23,24050 ,50 ,17777 ,427610600 ,23900 ,24200 ,23900 ,181169 ,7533015 
2015-06-22,24000 ,350 ,19033 ,453392050 ,23950 ,24150 ,23550 ,180792 ,7533015 
2015-06-19,23650 ,100 ,23225 ,553386350 ,23950 ,24350 ,23250 ,178156 ,7533015 
2015-06-18,23550 ,400 ,16375 ,385473050 ,23200 ,23750 ,23200 ,177403 ,7533015 
2015-06-17,23150 ,500 ,48575 ,1124028950 ,22700 ,23550 ,22650 ,174389 ,7533015 
2015-06-16,22650 ,-800 ,50276 ,1151495500 ,23450 ,23600 ,22600 ,170623 ,7533015 
2015-06-15,23450 ,-700 ,19853 ,472043850 ,24150 ,24300 ,23350 ,176649 ,7533015 
2015-06-12,24150 ,350 ,24531 ,595200450 ,24000 ,24850 ,23800 ,181922 ,7533015 
2015-06-11,23800 ,-700 ,53775 ,1289324900 ,24550 ,24550 ,23750 ,179286 ,7533015 
2015-06-10,24500 ,-600 ,33443 ,826773500 ,25050 ,25150 ,24300 ,184559 ,7533015 
2015-06-09,25100 ,50 ,27217 ,679867850 ,25100 ,25250 ,24650 ,189079 ,7533015 
2015-06-08,25050 ,250 ,24590 ,611190800 ,24800 ,25250 ,24450 ,188702 ,7533015 
2015-06-05,24800 ,50 ,25257 ,622207350 ,24400 ,24950 ,24400 ,186819 ,7533015 
2015-06-04,24750 ,-100 ,42554 ,1060707900 ,25200 ,25400 ,24700 ,186442 ,7533015 
2015-06-03,24850 ,-550 ,32953 ,824683100 ,25000 ,25450 ,24650 ,187195 ,7533015 
2015-06-02,25400 ,-150 ,49671 ,1247096300 ,25550 ,25800 ,24700 ,191339 ,7533015 
2015-06-01,25550 ,-400 ,34769 ,885176350 ,25900 ,25900 ,25100 ,192469 ,7533015 
2015-05-29,25950 ,-450 ,48693 ,1285716550 ,26600 ,26950 ,25700 ,195482 ,7533015 
2015-05-28,26400 ,600 ,46079 ,1210552900 ,26200 ,26800 ,25800 ,198872 ,7533015 
2015-05-27,25800 ,-1150 ,74706 ,1948211950 ,26700 ,26800 ,25700 ,194352 ,7533015 
2015-05-26,26950 ,1350 ,187807 ,5067172150 ,26000 ,27650 ,25650 ,203015 ,7533015 
2015-05-22,25600 ,1000 ,70459 ,1800880800 ,25400 ,26100 ,25000 ,192845 ,7533015 
2015-05-21,24600 ,-750 ,86087 ,2131736400 ,25300 ,25350 ,24300 ,185312 ,7533015 
2015-05-20,25350 ,-400 ,39565 ,1015485900 ,25750 ,26250 ,25200 ,190962 ,7533015 
2015-05-19,25750 ,-100 ,35268 ,912005250 ,25850 ,26150 ,25550 ,193975 ,7533015 
2015-05-18,25850 ,-700 ,55144 ,1427322300 ,26550 ,26650 ,25400 ,194728 ,7533015 
2015-05-15,26550 ,1650 ,113460 ,2960675100 ,24850 ,27200 ,24650 ,200002 ,7533015 
2015-05-14,24900 ,0 ,22354 ,558202500 ,25050 ,25400 ,24750 ,187572 ,7533015 
2015-05-13,24900 ,100 ,21733 ,542190950 ,24850 ,25350 ,24500 ,187572 ,7533015 
2015-05-12,24800 ,300 ,27680 ,681218200 ,24700 ,24950 ,24300 ,186819 ,7533015 
2015-05-11,24500 ,0 ,37456 ,913725750 ,24700 ,24800 ,24150 ,184559 ,7533015 
2015-05-08,24500 ,700 ,38122 ,931663000 ,23900 ,24800 ,23600 ,184559 ,7533015 
2015-05-07,23800 ,-200 ,39967 ,944273000 ,23900 ,24100 ,23400 ,179286 ,7533015 
2015-05-06,24000 ,-100 ,47799 ,1150518750 ,24350 ,24400 ,23450 ,180792 ,7533015 
2015-05-04,24100 ,-1400 ,91173 ,2241427350 ,25550 ,25750 ,24000 ,181546 ,7533015 
2015-04-30,25500 ,-1150 ,48188 ,1242747950 ,26400 ,26600 ,25350 ,192092 ,7533015 
2015-04-29,26650 ,350 ,56561 ,1505329450 ,26350 ,27150 ,26200 ,200755 ,7533015 
2015-04-28,26300 ,-700 ,62539 ,1666048900 ,27200 ,27300 ,26200 ,198118 ,7533015 
2015-04-27,27000 ,1300 ,109880 ,2916461450 ,26000 ,27250 ,25950 ,203391 ,7533015 
2015-04-24,25700 ,150 ,56619 ,1440886750 ,25450 ,25950 ,24950 ,193598 ,7533015 
2015-04-23,25550 ,-650 ,65017 ,1671239250 ,26250 ,26400 ,25100 ,192469 ,7533015 
2015-04-22,26200 ,0 ,144771 ,3856863100 ,26400 ,27400 ,24750 ,197365 ,7533015 
2015-04-21,26200 ,-1000 ,134867 ,3546983250 ,26850 ,27150 ,25850 ,197365 ,7533015 
2015-04-20,27200 ,1550 ,458129 ,12534597300 ,25700 ,28700 ,25700 ,204898 ,7533015 
2015-04-17,25650 ,1300 ,116652 ,2924350550 ,24400 ,25800 ,24350 ,193222 ,7533015 
2015-04-16,24350 ,400 ,55274 ,1355053400 ,24050 ,24800 ,24000 ,183429 ,7533015 
2015-04-15,23950 ,300 ,26203 ,629695000 ,23700 ,24250 ,23700 ,180416 ,7533015 
2015-04-14,23650 ,-300 ,37412 ,889496000 ,23850 ,24300 ,23550 ,178156 ,7533015 
2015-04-13,23950 ,-200 ,28499 ,688031450 ,24350 ,24400 ,23950 ,180416 ,7533015 
2015-04-10,24150 ,-400 ,33591 ,815462750 ,24700 ,24700 ,24100 ,181922 ,7533015 
2015-04-09,24550 ,50 ,19566 ,478168500 ,24500 ,24700 ,24250 ,184936 ,7533015 
2015-04-08,24500 ,-200 ,25082 ,615907650 ,24800 ,24850 ,24400 ,184559 ,7533015 
2015-04-07,24700 ,650 ,60750 ,1492289500 ,24200 ,24850 ,24000 ,186065 ,7533015 
2015-04-06,24050 ,350 ,25327 ,606349000 ,24000 ,24200 ,23750 ,181169 ,7533015 
2015-04-03,23700 ,-200 ,17033 ,405060500 ,23950 ,24000 ,23700 ,178532 ,7533015 
2015-04-02,23900 ,400 ,26393 ,626257300 ,23300 ,24050 ,23300 ,180039 ,7533015 
2015-04-01,23500 ,-450 ,34390 ,810343700 ,23950 ,24000 ,23350 ,177026 ,7533015 
2015-03-31,23950 ,-50 ,27504 ,662472400 ,24000 ,24700 ,23700 ,180416 ,7533015 
2015-03-30,24000 ,150 ,23393 ,558208050 ,23950 ,24200 ,23650 ,180792 ,7533015 
2015-03-27,23850 ,-450 ,22050 ,527981250 ,24300 ,24400 ,23750 ,179662 ,7533015 
2015-03-26,24300 ,-200 ,41370 ,995573850 ,24200 ,24350 ,23700 ,183052 ,7533015 
2015-03-25,24500 ,750 ,66813 ,1622510250 ,23850 ,24500 ,23750 ,184559 ,7533015 
2015-03-24,23750 ,300 ,30692 ,721088900 ,23450 ,24000 ,23100 ,178909 ,7533015 
2015-03-23,23450 ,-250 ,27415 ,648426650 ,23900 ,24100 ,23400 ,176649 ,7533015 
2015-03-20,23700 ,100 ,39377 ,938228350 ,23600 ,24200 ,23350 ,178532 ,7533015 
2015-03-19,23600 ,0 ,13587 ,320396800 ,23550 ,23850 ,23400 ,177779 ,7533015 
2015-03-18,23600 ,-400 ,40948 ,978288600 ,23750 ,24500 ,23500 ,177779 ,7533015 
2015-03-17,24000 ,1000 ,89684 ,2124361200 ,23050 ,24050 ,23000 ,180792 ,7533015 
2015-03-16,23000 ,300 ,20612 ,472407750 ,22650 ,23100 ,22650 ,173259 ,7533015 
2015-03-13,22700 ,100 ,11724 ,263957650 ,22600 ,22750 ,22350 ,170999 ,7533015 
2015-03-12,22600 ,0 ,13356 ,301139900 ,22600 ,22750 ,22400 ,170246 ,7533015 
2015-03-11,22600 ,-100 ,12988 ,293191200 ,22400 ,22800 ,22300 ,170246 ,7533015 
2015-03-10,22700 ,-200 ,18006 ,409324500 ,22850 ,23100 ,22500 ,170999 ,7533015 
2015-03-09,22900 ,100 ,23453 ,539602750 ,22800 ,23250 ,22750 ,172506 ,7533015 
2015-03-06,22800 ,0 ,12742 ,290392050 ,22950 ,22950 ,22600 ,171753 ,7533015 
2015-03-05,22800 ,-100 ,12363 ,281086450 ,22700 ,22950 ,22600 ,171753 ,7533015 
2015-03-04,22900 ,50 ,12551 ,286804550 ,22850 ,23000 ,22750 ,172506 ,7533015 
2015-03-03,22850 ,0 ,12834 ,291408500 ,22900 ,22900 ,22550 ,172129 ,7533015 
2015-03-02,22850 ,-200 ,23802 ,540260250 ,23300 ,23300 ,22400 ,172129 ,7533015 
2015-02-27,23050 ,-50 ,15256 ,350702950 ,23100 ,23150 ,22850 ,173636 ,7533015 
2015-02-26,23100 ,250 ,21694 ,493287300 ,22800 ,23100 ,22550 ,174013 ,7533015 
2015-02-25,22850 ,0 ,26306 ,602934650 ,22950 ,23150 ,22800 ,172129 ,7533015 
2015-02-24,22850 ,850 ,42465 ,960058150 ,21950 ,22900 ,21950 ,172129 ,7533015 
2015-02-23,22000 ,-250 ,19864 ,438841550 ,22400 ,22400 ,21950 ,165726 ,7533015 
2015-02-17,22250 ,450 ,35915 ,794489350 ,21900 ,22250 ,21850 ,167610 ,7533015 
2015-02-16,21800 ,550 ,24123 ,522346250 ,21250 ,21900 ,21200 ,164220 ,7533015 
2015-02-13,21250 ,150 ,6615 ,140570100 ,21100 ,21350 ,21100 ,160077 ,7533015 
2015-02-12,21100 ,-350 ,21700 ,459993350 ,21450 ,21600 ,21000 ,158947 ,7533015 
2015-02-11,21450 ,-250 ,16089 ,345461350 ,21550 ,21800 ,21350 ,161583 ,7533015 
2015-02-10,21700 ,-200 ,15518 ,337288750 ,22050 ,22050 ,21600 ,163466 ,7533015 
2015-02-09,21900 ,50 ,18378 ,402167250 ,21850 ,22150 ,21650 ,164973 ,7533015 
2015-02-06,21850 ,-50 ,22669 ,497482100 ,22100 ,22150 ,21700 ,164596 ,7533015 
2015-02-05,21900 ,350 ,25356 ,551443050 ,21600 ,21950 ,21450 ,164973 ,7533015 
2015-02-04,21550 ,200 ,27867 ,601361250 ,21400 ,21950 ,21350 ,162336 ,7533015 
2015-02-03,21350 ,100 ,15328 ,326084550 ,21150 ,21400 ,21100 ,160830 ,7533015 
2015-02-02,21250 ,-300 ,21257 ,453371900 ,21650 ,21650 ,21150 ,160077 ,7533015 
2015-01-30,21550 ,-50 ,15249 ,328668150 ,21650 ,21700 ,21400 ,162336 ,7533015 
2015-01-29,21600 ,0 ,14955 ,322032000 ,21550 ,21750 ,21350 ,162713 ,7533015 
2015-01-28,21600 ,-350 ,22118 ,478607500 ,21950 ,22000 ,21550 ,162713 ,7533015 
2015-01-27,21950 ,150 ,12248 ,267021650 ,22100 ,22100 ,21650 ,165350 ,7533015 
2015-01-26,21800 ,-50 ,13036 ,285661950 ,21800 ,22200 ,21700 ,164220 ,7533015 
2015-01-23,21850 ,-100 ,17399 ,381201600 ,22050 ,22300 ,21750 ,164596 ,7533015 
2015-01-22,21950 ,750 ,54634 ,1188490500 ,21100 ,22050 ,21050 ,165350 ,7533015 
2015-01-21,21200 ,0 ,14688 ,312110650 ,21400 ,21450 ,20950 ,159700 ,7533015 
2015-01-20,21200 ,650 ,29451 ,621704600 ,20550 ,21350 ,20550 ,159700 ,7533015 
2015-01-19,20550 ,-150 ,13581 ,279928100 ,20700 ,20700 ,20550 ,154803 ,7533015 
2015-01-16,20700 ,0 ,11320 ,233024200 ,20550 ,20700 ,20500 ,155933 ,7533015 
2015-01-15,20700 ,0 ,8447 ,174395850 ,20650 ,20750 ,20550 ,155933 ,7533015 
2015-01-14,20700 ,-100 ,12266 ,253116900 ,20800 ,20950 ,20550 ,155933 ,7533015 
2015-01-13,20800 ,50 ,11144 ,231151450 ,20650 ,20950 ,20650 ,156687 ,7533015 
2015-01-12,20750 ,-150 ,12083 ,250900400 ,20900 ,21150 ,20700 ,156310 ,7533015 
2015-01-09,20900 ,-100 ,10614 ,223222200 ,21050 ,21250 ,20900 ,157440 ,7533015 
2015-01-08,21000 ,300 ,23055 ,482391550 ,20750 ,21300 ,20700 ,158193 ,7533015 
2015-01-07,20700 ,150 ,9376 ,193096550 ,20400 ,20800 ,20400 ,155933 ,7533015 
2015-01-06,20550 ,-300 ,18783 ,388016600 ,20600 ,21000 ,20550 ,154803 ,7533015 
2015-01-05,20850 ,-300 ,22866 ,478925100 ,21100 ,21300 ,20800 ,157063 ,7533015 
2015-01-02,21150 ,-100 ,4880 ,103309150 ,21100 ,21300 ,21100 ,159323 ,7533015 
2014-12-30,21250 ,0 ,8465 ,179160900 ,21050 ,21350 ,21050 ,160077 ,7533015 
2014-12-29,21250 ,-150 ,12059 ,255552950 ,21300 ,21500 ,21100 ,160077 ,7533015 
2014-12-26,21400 ,100 ,14563 ,313141400 ,21450 ,21750 ,21300 ,161207 ,7533015 
2014-12-24,21300 ,0 ,7798 ,165455250 ,21300 ,21400 ,21050 ,160453 ,7533015 
2014-12-23,21300 ,250 ,9138 ,194075650 ,21250 ,21400 ,21050 ,160453 ,7533015 
2014-12-22,21050 ,-100 ,14865 ,312449950 ,21050 ,21300 ,20900 ,158570 ,7533015 
2014-12-19,21150 ,-50 ,10671 ,225215700 ,21300 ,21400 ,20900 ,159323 ,7533015 
2014-12-18,21200 ,-350 ,24277 ,516757950 ,21550 ,21750 ,20850 ,159700 ,7533015 
2014-12-17,21550 ,-100 ,5111 ,110388700 ,21550 ,21700 ,21500 ,162336 ,7533015 
2014-12-16,21650 ,0 ,13913 ,299895700 ,21650 ,21750 ,21500 ,163090 ,7533015 
2014-12-15,21650 ,-150 ,6305 ,136458800 ,21550 ,21800 ,21500 ,163090 ,7533015 
2014-12-12,21800 ,150 ,10321 ,223820150 ,21500 ,21900 ,21500 ,164220 ,7533015 
2014-12-11,21650 ,-200 ,12917 ,278940650 ,21550 ,21750 ,21500 ,163090 ,7533015 
2014-12-10,21850 ,-200 ,10692 ,232468450 ,21850 ,21900 ,21650 ,164596 ,7533015 
2014-12-09,22050 ,0 ,10281 ,225735200 ,22150 ,22150 ,21850 ,166103 ,7533015 
2014-12-08,22050 ,150 ,16947 ,372049950 ,22000 ,22200 ,21750 ,166103 ,7533015 
2014-12-05,21900 ,-100 ,10729 ,234474600 ,22100 ,22100 ,21800 ,164973 ,7533015 
2014-12-04,22000 ,50 ,16280 ,357561750 ,21900 ,22100 ,21850 ,165726 ,7533015 
2014-12-03,21950 ,-200 ,11423 ,251982650 ,21950 ,22300 ,21800 ,165350 ,7533015 
2014-12-02,22150 ,250 ,7186 ,157953400 ,21800 ,22250 ,21700 ,166856 ,7533015 
2014-12-01,21900 ,-500 ,11138 ,244453350 ,22500 ,22500 ,21800 ,164973 ,7533015 
2014-11-28,22400 ,-100 ,7570 ,170176750 ,22700 ,22750 ,22300 ,168740 ,7533015 
2014-11-27,22500 ,-200 ,10894 ,245545500 ,22750 ,22750 ,22350 ,169493 ,7533015 
2014-11-26,22700 ,-200 ,14437 ,327166200 ,23050 ,23050 ,22500 ,170999 ,7533015 
2014-11-25,22900 ,150 ,18975 ,434136300 ,22600 ,23000 ,22550 ,172506 ,7533015 
2014-11-24,22750 ,350 ,17877 ,403601700 ,22450 ,22850 ,22200 ,171376 ,7533015 
2014-11-21,22400 ,250 ,20315 ,448255250 ,22050 ,22450 ,21750 ,168740 ,7533015 
2014-11-20,22150 ,-350 ,22420 ,501147000 ,22350 ,22900 ,22150 ,166856 ,7533015 
2014-11-19,22500 ,-100 ,16299 ,365114550 ,22300 ,22700 ,22300 ,169493 ,7533015 
2014-11-18,22600 ,100 ,23435 ,524637200 ,22550 ,22750 ,22100 ,170246 ,7533015 
2014-11-17,22500 ,-550 ,31323 ,715689500 ,23300 ,23600 ,22300 ,169493 ,7533015 
2014-11-14,23050 ,250 ,57054 ,1330385250 ,23000 ,23800 ,23000 ,173636 ,7533015 
2014-11-13,22800 ,600 ,37063 ,840219350 ,22200 ,23000 ,22000 ,171753 ,7533015 
2014-11-12,22200 ,150 ,13809 ,304793650 ,22050 ,22350 ,21800 ,167233 ,7533015 
2014-11-11,22050 ,-100 ,24787 ,542517400 ,22300 ,22400 ,21600 ,166103 ,7533015 
2014-11-10,22150 ,350 ,20879 ,459435700 ,21800 ,22300 ,21750 ,166856 ,7533015 
2014-11-07,21800 ,50 ,13811 ,299773000 ,21850 ,21900 ,21600 ,164220 ,7533015 
2014-11-06,21750 ,-200 ,13491 ,292613550 ,22150 ,22150 ,21400 ,163843 ,7533015 
2014-11-05,21950 ,600 ,19658 ,426063100 ,21200 ,22150 ,21200 ,165350 ,7533015 
2014-11-04,21350 ,-200 ,22084 ,475258600 ,21550 ,21850 ,21100 ,160830 ,7533015 
2014-11-03,21550 ,-400 ,19916 ,431649650 ,21750 ,21950 ,21550 ,162336 ,7533015 
2014-10-31,21950 ,-50 ,29942 ,653935350 ,22250 ,22250 ,21650 ,165350 ,7533015 
2014-10-30,22000 ,-600 ,52100 ,1150187750 ,22800 ,22850 ,21700 ,165726 ,7533015 
2014-10-29,22600 ,250 ,34134 ,771179850 ,22400 ,22800 ,22300 ,170246 ,7533015 
2014-10-28,22350 ,250 ,39771 ,888511300 ,22150 ,22700 ,22000 ,168363 ,7533015 
2014-10-27,22100 ,-50 ,23443 ,516741250 ,22300 ,22350 ,21750 ,166480 ,7533015 
2014-10-24,22150 ,-300 ,38942 ,862949500 ,22600 ,22600 ,21800 ,166856 ,7533015 
2014-10-23,22450 ,-50 ,28116 ,627990300 ,22500 ,22650 ,22150 ,169116 ,7533015 
2014-10-22,22500 ,950 ,60870 ,1365509300 ,21700 ,23000 ,21650 ,169493 ,7533015 
2014-10-21,21550 ,-550 ,35890 ,779336450 ,22100 ,22200 ,21450 ,162336 ,7533015 
2014-10-20,22100 ,900 ,37814 ,827092400 ,21450 ,22250 ,21300 ,166480 ,7533015 
2014-10-17,21200 ,-150 ,39324 ,834302400 ,21350 ,21500 ,20950 ,159700 ,7533015 
2014-10-16,21350 ,-750 ,52980 ,1139741300 ,21900 ,22150 ,21200 ,160830 ,7533015 
2014-10-15,22100 ,0 ,44724 ,990057500 ,22300 ,22500 ,21900 ,166480 ,7533015 
2014-10-14,22100 ,200 ,44142 ,975990900 ,21800 ,22550 ,21750 ,166480 ,7533015 
2014-10-13,21900 ,-1450 ,52369 ,1170169050 ,23100 ,23350 ,21750 ,164973 ,7533015 
2014-10-10,23350 ,350 ,29841 ,697681750 ,22850 ,23800 ,22600 ,175896 ,7533015 
2014-10-08,23000 ,-650 ,61609 ,1427076400 ,23300 ,23650 ,22800 ,173259 ,7533015 
2014-10-07,23650 ,-500 ,23384 ,556380600 ,24050 ,24300 ,23550 ,178156 ,7533015 
2014-10-06,24150 ,-200 ,23918 ,580832300 ,24350 ,24700 ,24000 ,181922 ,7533015 
2014-10-02,24350 ,-500 ,32307 ,788739550 ,24500 ,25000 ,24200 ,183429 ,7533015 
2014-10-01,24850 ,-500 ,33924 ,850609750 ,25400 ,25750 ,24750 ,187195 ,7533015 
2014-09-30,25350 ,-350 ,34900 ,885301750 ,25800 ,25850 ,25200 ,190962 ,7533015 
2014-09-29,25700 ,-600 ,35022 ,906712750 ,26300 ,26400 ,25650 ,193598 ,7533015 
2014-09-26,26300 ,-250 ,26148 ,689450650 ,26300 ,26650 ,26250 ,198118 ,7533015 
2014-09-25,26550 ,-50 ,24725 ,658018400 ,26900 ,26900 ,26500 ,200002 ,7533015 
2014-09-24,26600 ,-100 ,26821 ,713816650 ,26700 ,26900 ,26400 ,200378 ,7533015 
2014-09-23,26700 ,-400 ,31118 ,834160650 ,27300 ,27300 ,26550 ,201132 ,7533015 
2014-09-22,27100 ,850 ,73017 ,1973414050 ,26250 ,27650 ,26250 ,204145 ,7533015 
2014-09-19,26250 ,200 ,27355 ,714037450 ,26000 ,26350 ,25850 ,197742 ,7533015 
2014-09-18,26050 ,250 ,15595 ,404031700 ,25750 ,26050 ,25750 ,196235 ,7533015 
2014-09-17,25800 ,-100 ,27520 ,710822800 ,25750 ,26100 ,25500 ,194352 ,7533015 
2014-09-16,25900 ,250 ,14039 ,363259950 ,25600 ,26150 ,25600 ,195105 ,7533015 
2014-09-15,25650 ,-150 ,18208 ,466772750 ,25950 ,26000 ,25500 ,193222 ,7533015 
2014-09-12,25800 ,-100 ,19779 ,512491350 ,26250 ,26250 ,25750 ,194352 ,7533015 
2014-09-11,25900 ,-50 ,18809 ,490840300 ,26050 ,26350 ,25750 ,195105 ,7533015 
2014-09-05,25950 ,250 ,21883 ,566097000 ,25500 ,26200 ,25500 ,195482 ,7533015 
2014-09-04,25700 ,-450 ,32283 ,837639500 ,26200 ,26350 ,25700 ,193598 ,7533015 
2014-09-03,26150 ,-200 ,22518 ,593416300 ,26500 ,26650 ,26050 ,196988 ,7533015 
2014-09-02,26350 ,-350 ,21943 ,581092350 ,26450 ,26700 ,26350 ,198495 ,7533015 
2014-09-01,26700 ,-350 ,22366 ,596534150 ,26950 ,27050 ,26550 ,201132 ,7533015 
2014-08-29,27050 ,-200 ,21497 ,580224500 ,27250 ,27250 ,26800 ,203768 ,7533015 
2014-08-28,27250 ,650 ,31166 ,840452950 ,26800 ,27250 ,26500 ,205275 ,7533015 
2014-08-27,26600 ,-300 ,15817 ,421013250 ,27000 ,27000 ,26350 ,200378 ,7533015 
2014-08-26,26900 ,500 ,31204 ,829728300 ,26550 ,26900 ,26200 ,202638 ,7533015 
2014-08-25,26400 ,300 ,35331 ,931977000 ,26150 ,26750 ,26150 ,198872 ,7533015 
2014-08-22,26100 ,-400 ,32467 ,852806600 ,26450 ,26950 ,26000 ,196612 ,7533015 
2014-08-21,26500 ,-500 ,20173 ,539311200 ,27000 ,27000 ,26500 ,199625 ,7533015 
2014-08-20,27000 ,-100 ,22659 ,611347150 ,27200 ,27250 ,26800 ,203391 ,7533015 
2014-08-19,27100 ,550 ,43969 ,1181358100 ,26700 ,27200 ,26200 ,204145 ,7533015 
2014-08-18,26550 ,-250 ,21779 ,580456150 ,27050 ,27050 ,26450 ,200002 ,7533015 
2014-08-14,26800 ,700 ,33465 ,892512500 ,26100 ,27100 ,25950 ,201885 ,7533015 
2014-08-13,26100 ,0 ,32829 ,854378200 ,26100 ,26250 ,25750 ,196612 ,7533015 
2014-08-12,26100 ,0 ,24118 ,628420000 ,26000 ,26300 ,25900 ,196612 ,7533015 
2014-08-11,26100 ,300 ,16476 ,428825900 ,25850 ,26350 ,25850 ,196612 ,7533015 
2014-08-08,25800 ,100 ,15801 ,405325350 ,26100 ,26100 ,25250 ,194352 ,7533015 
2014-08-07,25700 ,-200 ,43974 ,1137894050 ,25950 ,26400 ,25500 ,193598 ,7533015 
2014-08-06,25900 ,-900 ,84338 ,2210584100 ,27000 ,27100 ,25650 ,195105 ,7533015 
2014-08-05,26800 ,-650 ,52849 ,1437240100 ,27500 ,27750 ,26600 ,201885 ,7533015 
2014-08-04,27450 ,400 ,37360 ,1014933800 ,27050 ,27500 ,27000 ,206781 ,7533015 
2014-08-01,27050 ,150 ,22053 ,596461200 ,27000 ,27300 ,26800 ,203768 ,7533015 
2014-07-31,26900 ,-200 ,40096 ,1085295850 ,27250 ,27450 ,26850 ,202638 ,7533015 
2014-07-30,27100 ,-450 ,44215 ,1203086300 ,27600 ,27750 ,27000 ,204145 ,7533015 
2014-07-29,27550 ,150 ,79198 ,2219033750 ,28000 ,28900 ,27450 ,207535 ,7533015 
2014-07-28,27400 ,-400 ,48845 ,1336809650 ,27950 ,27950 ,27150 ,206405 ,7533015 
2014-07-25,27800 ,-450 ,37532 ,1047531900 ,28200 ,28350 ,27600 ,209418 ,7533015 
2014-07-24,28250 ,-50 ,11279 ,320397850 ,28500 ,28650 ,28250 ,212808 ,7533015 
2014-07-23,28300 ,-50 ,20136 ,571525000 ,28350 ,28600 ,28250 ,213184 ,7533015 
2014-07-22,28350 ,50 ,23459 ,669565400 ,28600 ,28900 ,28200 ,213561 ,7533015 
2014-07-21,28300 ,-650 ,47114 ,1349329400 ,29150 ,29250 ,28250 ,213184 ,7533015 
2014-07-18,28950 ,-450 ,26333 ,764914000 ,29550 ,29550 ,28850 ,218081 ,7533015 
2014-07-17,29400 ,-250 ,22848 ,677079400 ,29600 ,30000 ,29400 ,221471 ,7533015 
2014-07-16,29650 ,-1250 ,52993 ,1584437100 ,30650 ,31000 ,29450 ,223354 ,7533015 
2014-07-15,30900 ,-700 ,64931 ,2046267600 ,31750 ,32400 ,30800 ,232770 ,7533015 
2014-07-14,31600 ,2500 ,96490 ,2971090900 ,29400 ,31900 ,29100 ,238043 ,7533015 
2014-07-11,29100 ,0 ,33134 ,960929350 ,28950 ,29500 ,28750 ,219211 ,7533015 
2014-07-10,29100 ,-200 ,19686 ,574086150 ,29250 ,29700 ,28650 ,219211 ,7533015 
2014-07-09,29300 ,300 ,34930 ,1030474900 ,28900 ,30000 ,28600 ,220717 ,7533015 
2014-07-08,29000 ,-100 ,12609 ,364791150 ,29100 ,29300 ,28750 ,218457 ,7533015 
2014-07-07,29100 ,-350 ,18592 ,545656000 ,29650 ,29700 ,29100 ,219211 ,7533015 
2014-07-04,29450 ,0 ,30658 ,898373700 ,29450 ,29650 ,29000 ,221847 ,7533015 
2014-07-03,29450 ,1350 ,57749 ,1687909250 ,28100 ,29650 ,27900 ,221847 ,7533015 
2014-07-02,28100 ,700 ,19750 ,552937700 ,27650 ,28300 ,27400 ,211678 ,7533015 
2014-07-01,27400 ,-50 ,14427 ,395870750 ,27350 ,27650 ,27350 ,206405 ,7533015 
2014-06-30,27450 ,-300 ,11384 ,314146950 ,27800 ,27850 ,27450 ,206781 ,7533015 
2014-06-27,27750 ,0 ,16519 ,456827850 ,28100 ,28100 ,27500 ,209041 ,7533015 
2014-06-26,27750 ,850 ,22211 ,611148950 ,26850 ,27850 ,26850 ,209041 ,7533015 
2014-06-25,26900 ,-150 ,16750 ,454500450 ,27150 ,27550 ,26900 ,202638 ,7533015 
2014-06-24,27050 ,-350 ,23846 ,652282000 ,27400 ,27900 ,27050 ,203768 ,7533015 
2014-06-23,27400 ,-600 ,19199 ,533121400 ,28100 ,28400 ,27400 ,206405 ,7533015 
2014-06-20,28000 ,-800 ,30317 ,856984400 ,29050 ,29050 ,28000 ,210924 ,7533015 
2014-06-19,28800 ,50 ,10471 ,302031750 ,28800 ,29050 ,28700 ,216951 ,7533015 
2014-06-18,28750 ,-400 ,10099 ,292188850 ,29100 ,29300 ,28750 ,216574 ,7533015 
2014-06-17,29150 ,-550 ,13813 ,405976350 ,29700 ,30000 ,29150 ,219587 ,7533015 
2014-06-16,29700 ,0 ,10635 ,314845850 ,29500 ,29850 ,29400 ,223731 ,7533015 
2014-06-13,29700 ,850 ,27164 ,802593100 ,28700 ,29900 ,28700 ,223731 ,7533015 
2014-06-12,28850 ,-250 ,5570 ,161272300 ,29050 ,29200 ,28800 ,217327 ,7533015 
2014-06-11,29100 ,-100 ,10281 ,298729100 ,29100 ,29550 ,28800 ,219211 ,7533015 
2014-06-10,29200 ,-50 ,7448 ,217801550 ,28950 ,29450 ,28950 ,219964 ,7533015 
2014-06-09,29250 ,800 ,23189 ,670455750 ,28150 ,29500 ,28150 ,220341 ,7533015 
2014-06-05,28450 ,-550 ,15227 ,435867100 ,29000 ,29050 ,28400 ,214314 ,7533015 
2014-06-03,29000 ,-300 ,20995 ,608575700 ,29300 ,29600 ,28700 ,218457 ,7533015 
2014-06-02,29300 ,-50 ,34666 ,1028214950 ,29200 ,30200 ,28700 ,220717 ,7533015 
2014-05-30,29350 ,50 ,8384 ,245888400 ,29600 ,29650 ,29100 ,221094 ,7533015 
2014-05-29,29300 ,-300 ,25558 ,746703050 ,29700 ,29800 ,28800 ,220717 ,7533015 
2014-05-28,29600 ,-100 ,11387 ,339269700 ,29750 ,30100 ,29550 ,222977 ,7533015 
2014-05-27,29700 ,-1050 ,24763 ,740707600 ,30400 ,30700 ,29600 ,223731 ,7533015 
2014-05-26,30750 ,-50 ,15139 ,468105250 ,30950 ,31350 ,30750 ,231640 ,7533015 
2014-05-23,30800 ,400 ,19622 ,602123100 ,30300 ,30950 ,30050 ,232017 ,7533015 
2014-05-22,30400 ,950 ,21921 ,660780400 ,29500 ,30600 ,29400 ,229004 ,7533015 
2014-05-21,29450 ,-250 ,11489 ,339706050 ,29500 ,29750 ,29400 ,221847 ,7533015 
2014-05-20,29700 ,-300 ,18308 ,543128500 ,30000 ,30000 ,29400 ,223731 ,7533015 
2014-05-19,30000 ,300 ,21721 ,649516000 ,29900 ,30100 ,29550 ,225990 ,7533015 
2014-05-16,29700 ,-750 ,42640 ,1282487550 ,30500 ,30750 ,29700 ,223731 ,7533015 
2014-05-15,30450 ,-750 ,46087 ,1419473650 ,31400 ,31400 ,30400 ,229380 ,7533015 
2014-05-14,31200 ,-400 ,28843 ,902830350 ,31600 ,31850 ,31000 ,235030 ,7533015 
2014-05-13,31600 ,-100 ,19498 ,614436000 ,31700 ,31750 ,31250 ,238043 ,7533015 
2014-05-12,31700 ,300 ,19640 ,620563500 ,31500 ,31900 ,31050 ,238797 ,7533015 
2014-05-09,31400 ,400 ,23412 ,726583600 ,31100 ,31650 ,30600 ,236537 ,7533015 
2014-05-08,31000 ,0 ,45020 ,1405156000 ,30900 ,31900 ,30550 ,233523 ,7533015 
2014-05-07,31000 ,-750 ,34601 ,1080283000 ,31750 ,31800 ,30800 ,233523 ,7533015 
2014-05-02,31750 ,-150 ,68726 ,2197895300 ,32300 ,32900 ,31200 ,239173 ,7533015 
2014-04-30,31900 ,1350 ,122862 ,3869506950 ,30550 ,32000 ,30400 ,240303 ,7533015 
2014-04-29,30550 ,-50 ,22240 ,679271500 ,30600 ,30850 ,30200 ,230134 ,7533015 
2014-04-28,30600 ,0 ,28034 ,854173800 ,30600 ,30650 ,30250 ,230510 ,7533015 
2014-04-25,30600 ,-250 ,36931 ,1132670600 ,31150 ,31200 ,30400 ,230510 ,7533015 
2014-04-24,30850 ,150 ,49732 ,1534627450 ,30500 ,31150 ,30300 ,232394 ,7533015 
2014-04-23,30700 ,-50 ,47612 ,1454534200 ,30900 ,30900 ,30150 ,231264 ,7533015 
2014-04-22,30750 ,400 ,52469 ,1602640800 ,30350 ,31000 ,29800 ,231640 ,7533015 
2014-04-21,30350 ,400 ,25869 ,780639150 ,30000 ,30400 ,29800 ,228627 ,7533015 
2014-04-18,29950 ,-50 ,46083 ,1388159400 ,30050 ,30500 ,29850 ,225614 ,7533015 
2014-04-17,30000 ,850 ,49941 ,1481842500 ,29000 ,30100 ,29000 ,225990 ,7533015 
2014-04-16,29150 ,-400 ,24490 ,718753800 ,29550 ,29550 ,29050 ,219587 ,7533015 
2014-04-15,29550 ,150 ,36151 ,1063754400 ,29500 ,29800 ,29050 ,222601 ,7533015 
2014-04-14,29400 ,400 ,42400 ,1240188400 ,28750 ,29600 ,28700 ,221471 ,7533015 
2014-04-11,29000 ,900 ,61790 ,1783970250 ,27850 ,29300 ,27850 ,218457 ,7533015 
2014-04-10,28100 ,350 ,42520 ,1185414500 ,27550 ,28150 ,27500 ,211678 ,7533015 
2014-04-09,27750 ,-300 ,54618 ,1506669400 ,28100 ,28250 ,27200 ,209041 ,7533015 
2014-04-08,28050 ,-950 ,46343 ,1308016600 ,28950 ,28950 ,28000 ,211301 ,7533015 
2014-04-07,29000 ,400 ,27145 ,777373000 ,28600 ,29100 ,28050 ,218457 ,7533015 
2014-04-04,28600 ,150 ,70680 ,1984499500 ,28300 ,28650 ,27500 ,215444 ,7533015 
2014-04-03,28450 ,-500 ,21385 ,613961750 ,29000 ,29200 ,28450 ,214314 ,7533015 
2014-04-02,28950 ,-50 ,20851 ,604813450 ,29000 ,29200 ,28800 ,218081 ,7533015 
2014-04-01,29000 ,500 ,39684 ,1139544000 ,28500 ,29100 ,28200 ,218457 ,7533015 
2014-03-31,28500 ,-750 ,43841 ,1261568750 ,29400 ,29550 ,28400 ,214691 ,7533015 
2014-03-28,29250 ,-1100 ,73630 ,2181896500 ,30400 ,30400 ,29100 ,220341 ,7533015 
2014-03-27,30350 ,-50 ,20733 ,630486550 ,30400 ,30750 ,30200 ,228627 ,7533015 
2014-03-26,30400 ,600 ,45098 ,1368919700 ,30000 ,30950 ,29750 ,229004 ,7533015 
2014-03-25,29800 ,-750 ,30465 ,918616000 ,30600 ,30700 ,29800 ,224484 ,7533015 
2014-03-24,30550 ,-150 ,24413 ,748769100 ,30500 ,31100 ,30400 ,230134 ,7533015 
2014-03-21,30700 ,150 ,22003 ,673816000 ,30900 ,30900 ,30250 ,231264 ,7533015 
2014-03-20,30550 ,100 ,33290 ,1022858650 ,30250 ,31200 ,30200 ,230134 ,7533015 
2014-03-19,30450 ,250 ,33786 ,1018716150 ,30250 ,30450 ,29800 ,229380 ,7533015 
2014-03-18,30200 ,0 ,54258 ,1652271100 ,30450 ,31050 ,29800 ,227497 ,7533015 
2014-03-17,30200 ,-1000 ,39638 ,1209783600 ,31050 ,31150 ,30050 ,227497 ,7533015 
2014-03-14,31200 ,-300 ,37026 ,1157862200 ,31300 ,31600 ,30950 ,235030 ,7533015 
2014-03-13,31500 ,1700 ,77068 ,2391920000 ,30350 ,31700 ,29750 ,237290 ,7533015 
2014-03-12,29800 ,-1150 ,35590 ,1076565500 ,30950 ,31250 ,29800 ,224484 ,7533015 
2014-03-11,30950 ,350 ,64064 ,1985520150 ,30800 ,31300 ,30500 ,233147 ,7533015 
2014-03-10,30600 ,1200 ,48667 ,1466205200 ,29500 ,30650 ,29350 ,230510 ,7533015 
2014-03-07,29400 ,-750 ,46852 ,1382172350 ,30150 ,30150 ,29100 ,221471 ,7533015 
2014-03-06,30150 ,-200 ,21713 ,655213350 ,30350 ,30500 ,29800 ,227120 ,7533015 
2014-03-05,30350 ,650 ,50788 ,1532645800 ,29600 ,30850 ,29500 ,228627 ,7533015 
2014-03-04,29700 ,850 ,78033 ,2238079150 ,28500 ,29700 ,28000 ,223731 ,7533015 
2014-03-03,28850 ,-850 ,50275 ,1460062700 ,29850 ,29850 ,28800 ,217327 ,7533015 
2014-02-28,29700 ,400 ,46509 ,1378682300 ,29500 ,30000 ,29450 ,223731 ,7533015 
2014-02-27,29300 ,50 ,63571 ,1870270050 ,29450 ,29850 ,29000 ,220717 ,7533015 
2014-02-26,29250 ,-950 ,143532 ,4191437250 ,30250 ,30250 ,28550 ,220341 ,7533015 
2014-02-25,30200 ,150 ,70735 ,2124729500 ,30350 ,30700 ,29400 ,227497 ,7533015 
2014-02-24,30050 ,-1850 ,82043 ,2532999950 ,32200 ,32300 ,30050 ,226367 ,7533015 
2014-02-21,31900 ,0 ,65871 ,2093295900 ,31700 ,32450 ,31300 ,240303 ,7533015 
2014-02-20,31900 ,1700 ,99595 ,3126827000 ,30200 ,32150 ,30200 ,240303 ,7533015 
2014-02-19,30200 ,-150 ,41894 ,1272364300 ,30200 ,30800 ,29950 ,227497 ,7533015 
2014-02-18,30350 ,-600 ,58774 ,1792371500 ,30800 ,30950 ,30150 ,228627 ,7533015 
2014-02-17,30950 ,-350 ,66004 ,2037999450 ,31300 ,31300 ,30450 ,233147 ,7533015 
2014-02-14,31300 ,300 ,77678 ,2443056000 ,31200 ,31900 ,30700 ,235783 ,7533015 
2014-02-13,31000 ,1150 ,110446 ,3399548350 ,30100 ,31150 ,29900 ,233523 ,7533015 
2014-02-12,29850 ,400 ,50519 ,1507796700 ,29600 ,30200 ,29350 ,224860 ,7533015 
2014-02-11,29450 ,-500 ,55875 ,1662257750 ,29900 ,30150 ,29450 ,221847 ,7533015 
2014-02-10,29950 ,-50 ,35833 ,1073265350 ,29950 ,30250 ,29700 ,225614 ,7533015 
2014-02-07,30000 ,0 ,56684 ,1707946500 ,30000 ,30550 ,29700 ,225990 ,7533015 
2014-02-06,30000 ,150 ,77930 ,2338827500 ,29850 ,30550 ,29550 ,225990 ,7533015 
2014-02-05,29850 ,1150 ,96422 ,2819773200 ,28700 ,29850 ,28500 ,224860 ,7533015 
2014-02-04,28700 ,-200 ,71440 ,2063905400 ,28800 ,29300 ,28500 ,216198 ,7533015 
2014-02-03,28900 ,650 ,104564 ,2992417100 ,28300 ,29200 ,27750 ,217704 ,7533015 
2014-01-29,28250 ,-200 ,64064 ,1816373000 ,28750 ,28750 ,28050 ,212808 ,7533015 
2014-01-28,28450 ,750 ,88762 ,2502393750 ,27950 ,28750 ,27350 ,214314 ,7533015 
2014-01-27,27700 ,-50 ,73553 ,2028324100 ,27300 ,27850 ,27200 ,208665 ,7533015 
2014-01-24,27750 ,700 ,111848 ,3087448000 ,27050 ,28150 ,26950 ,209041 ,7533015 
2014-01-23,27050 ,200 ,80342 ,2169010100 ,27150 ,27350 ,26600 ,203768 ,7533015 
2014-01-22,26850 ,950 ,63885 ,1678797100 ,25900 ,26850 ,25550 ,202261 ,7533015 
2014-01-21,25900 ,-300 ,29358 ,762346600 ,26100 ,26400 ,25700 ,195105 ,7533015 
2014-01-20,26200 ,-100 ,32188 ,851623400 ,26500 ,26850 ,26050 ,197365 ,7533015 
2014-01-17,26300 ,650 ,36362 ,945113800 ,25700 ,26300 ,25550 ,198118 ,7533015 
2014-01-16,25650 ,-450 ,79542 ,2059269050 ,26250 ,26650 ,25550 ,193222 ,7533015 
2014-01-15,26100 ,100 ,51229 ,1337898900 ,26000 ,26500 ,25750 ,196612 ,7533015 
2014-01-14,26000 ,-550 ,48891 ,1282789000 ,26500 ,26750 ,26000 ,195858 ,7533015 
2014-01-13,26550 ,-200 ,85723 ,2310332800 ,26750 ,27650 ,26250 ,200002 ,7533015 
2014-01-10,26750 ,50 ,90323 ,2399148550 ,26600 ,26900 ,26200 ,201508 ,7533015 
2014-01-09,26700 ,1550 ,141389 ,3668248700 ,25150 ,26750 ,25000 ,201132 ,7533015 
2014-01-08,25150 ,0 ,30060 ,751421500 ,25150 ,25300 ,24700 ,189455 ,7533015 
2014-01-07,25150 ,-200 ,92880 ,2341579100 ,25500 ,25850 ,24200 ,189455 ,7533015 
2014-01-06,25350 ,150 ,76733 ,1920138650 ,24750 ,25500 ,24550 ,190962 ,7533015 
2014-01-03,25200 ,800 ,104812 ,2623945250 ,24400 ,25350 ,24350 ,189832 ,7533015 
2014-01-02,24400 ,-250 ,28215 ,686700000 ,24650 ,24650 ,24050 ,183806 ,7533015 
